,CODIGO,NOMBRE FANTASIA,COMUNA,ESTACIONAMIENTO,ES PAR
0,424,EL RINCON DEL GUSTO,RENCA,NO,SI
1,954,LUIS ARAYA CARVAJAL,ESTACION CENTRAL,NO,SI
2,1224,MARION,LA PINTANA,NO,SI
3,3316,NISSY,HUECHURABA,NO,SI
4,9878,ERICHOPER,RENCA,NO,SI
5,10347,DON ORLANDO,PEÑALOLEN,NO,NO
6,10489,NOLBERTO VALDES NAVARRO,RECOLETA,NO,NO
7,10767,BAZAR LA KUKA,CERRO NAVIA,NO,NO
8,11267,DAVICITO,LA PINTANA,NO,NO
9,11377,ELSA ROSA REYES YANEZ,PUENTE ALTO,NO,NO
10,12214,ATEMIS COMPUTACION,LO ESPEJO,NO,SI
11,14629,ALMACEN GERUDA,QUILICURA,NO,NO
12,18696,CIBER JAVINET,SAN BERNARDO,NO,SI
13,22058,JUANA HUENUN,QUILICURA,NO,SI
14,25744,BAZAR ANGELES,PUENTE ALTO,NO,SI
15,50119,DON LUIS,QUINTA NORMAL,NO,NO
16,57920,EDGAR COSME PORTAL,LAS CONDES,NO,SI
17,59324,ELENA MINCHAN AMBROSIO,EL BOSQUE,NO,SI
18,61032,LA VALE,SAN RAMON,NO,SI
19,61067,MARIA TERESA,LO ESPEJO,NO,NO
20,62373,POMPEYITA,LA FLORIDA,NO,NO
21,62395,KIOSKO MARIAN,MAIPU,NO,NO
22,62613,OASIS,LA FLORIDA,NO,NO
23,62683,BAZAR MARY,PUENTE ALTO,NO,NO
24,63076,LOTO,PEÑALOLEN,NO,SI
25,63356,MIGUEL AGUILERA,SANTIAGO,NO,SI
26,63396,PUNTO ARAUCO,RECOLETA,NO,SI
27,63493,MONICA PILAR ESPINOZA MARTINEZ,PUENTE ALTO,NO,NO
28,63696,ELLEN MARLENE MOSCOSO GAS,EL BOSQUE,NO,SI
29,64030,GUILLERMINA ESTER,QUILICURA,NO,SI
30,64317,D LLA FRUIT,PUDAHUEL,NO,NO
31,65793,CAMILA,SAN MIGUEL,NO,NO
32,65966,MARKITO,SAN BERNARDO,NO,SI
33,66008,MINIMARKET ENRIQUE,SAN BERNARDO,NO,SI
34,66197,FERNANDA,HUECHURABA,NO,NO
35,66294,JUANA DEL CARMEN,MAIPU,NO,SI
36,66310,ISABEL PETRONILA ARCAYA G,LA PINTANA,NO,SI
37,66327,BOTILLERIA CAROLINA,QUINTA NORMAL,NO,NO
38,66346,SAN ANDRES,SAN JOAQUIN,NO,SI
39,66366,ALMACEN LA ESCALERA,CERRO NAVIA,NO,SI
40,66420,COM GONZALEZ,LA FLORIDA,NO,SI
41,66463,ISABEL CECILIA CISTERNA MATURANA,MAIPU,NO,NO
42,66468,SANTA TERESA,SAN RAMON,NO,SI
43,67259,KAREN,RENCA,NO,NO
44,67554,EL NEGRITO,QUILICURA,NO,SI
45,68367,LENNY,PEÑALOLEN,NO,NO
46,69429,LEOCRISMA,LA PINTANA,NO,NO
47,69771,SAN RICARDO,RENCA,NO,NO
48,70311,LUAN,PEÑALOLEN,NO,NO
49,71511,CLAUDIA URRUTIA,LO ESPEJO,NO,NO
50,72444,BAZAR ARIEL,CERRO NAVIA,NO,SI
51,72860,VILUM MARKET,LAS CONDES,NO,SI
52,73750,TIENDA UPA!-SHELL (F.165),LA GRANJA,NO,SI
53,75873,ROSA CARVAJAL CONTRERAS,QUILICURA,NO,NO
54,76073,EL TALENTO,SAN BERNARDO,NO,NO
55,78065,JUAN TOLOSA CALFULAF MILLAHUEQUE,LAS CONDES,NO,NO
56,78875,TIENDA UPA!-SHELL (F.152),LA PINTANA,NO,NO
57,79105,BAZAR CLAUDIA,LA PINTANA,NO,NO
58,79247,LAS PRINCESITAS,PROVIDENCIA,NO,NO
59,79356,TIENDA UPA!-SHELL (F.107),MAIPU,NO,SI
60,79467,EL DROOPY,SAN MIGUEL,NO,NO
61,79567,ANITA,SAN BERNARDO,NO,NO
62,79576,BRINDIS,PEDRO AGUIRRE CERDA,NO,SI
63,79827,JENNY ALVAREZ FUENTES,CERRO NAVIA,NO,NO
64,79964,LA COTE,CERRILLOS,NO,SI
65,80074,TIENDA UPA!-SHELL (F.159),PUDAHUEL,NO,SI
66,80481,ECOMARKET S,PROVIDENCIA,NO,NO
67,80870,TIENDA UPA!-SHELL (F.793),PEDRO AGUIRRE CERDA,NO,SI
68,81719,SAY HERMINIA BALBOA FLORES,QUILICURA,NO,NO
69,83061,DONDE LA NANCY,SANTIAGO,NO,NO
70,83454,ANDREA - ANDRES,QUILICURA,NO,SI
71,83856,DONDE LAS CHIQUILLAS JESSICA Y SILVIA,QUINTA NORMAL,NO,SI
72,86604,JUAN PABLO MORENO VERA,MAIPU,NO,SI
73,87106,BAZAR,RECOLETA,NO,SI
74,87775,PROVISIONES OLGUITA RECOL,INDEPENDENCIA,NO,NO
75,87802,SANTA OLGA,VITACURA,NO,SI
76,88188,LIBRERIA JIT,MAIPU,NO,SI
77,88189,MARTINA,VITACURA,NO,NO
78,88192,KIOSKO BIP VITACURA LAS U,ESTACION CENTRAL,NO,SI
79,88204,MINIMARKET KEKO,ESTACION CENTRAL,NO,SI
80,88206,LOS SOCIOS,LA GRANJA,NO,SI
81,88224,FRANCISCO JAVIER GONZALEZ,CERRILLOS,NO,SI
82,88229,DON REMI,ESTACION CENTRAL,NO,NO
83,88233,YASNITA Y CARLITOS,CERRILLOS,NO,NO
84,88234,LUIS MORA,HUECHURABA,NO,SI
85,88403,BOTILLERIA GILBERTO HUECH,PEÑALOLEN,NO,NO
86,88444,LOS LAGOS,RECOLETA,NO,SI
87,88842,TIENDA UPA!-SHELL (F.130),LA PINTANA,NO,SI
88,88999,NUESTROS QUERUBINES,SANTIAGO,NO,NO
89,89035,MINIMARKET ESPERANZA,SANTIAGO,NO,NO
90,89406,CAMILA,CERRILLOS,NO,SI
91,89650,TIO ARTURO,CERRILLOS,NO,SI
92,89655,PANADERIA VILLA MEXICO,CERRILLOS,NO,NO
93,89661,LUIS RAMIREZ RABIE CERRIL,RENCA,NO,NO
94,89665,BAZAR FREDDY,RENCA,NO,NO
95,89666,ALMACEN EL PROGRESO,CERRILLOS,NO,SI
96,89667,EL MIRADOR,ESTACION CENTRAL,NO,NO
97,89676,MAITE,SAN RAMON,NO,SI
98,89690,SANTOS,MACUL,NO,SI
99,89698,EL CID,LO ESPEJO,NO,SI
100,89699,SANTA IRMA,CERRILLOS,NO,NO
101,89705,ROSITA,CERRILLOS,NO,NO
102,89708,BOTILLERIA DON PATO,LO BARNECHEA,NO,SI
103,89713,LA ESCALA SUR,LO ESPEJO,NO,NO
104,89723,SANTA TERESA,PEDRO AGUIRRE CERDA,NO,NO
105,89741,MARIA JOSE,PEDRO AGUIRRE CERDA,NO,NO
106,89747,LOBUSAN,PEDRO AGUIRRE CERDA,NO,NO
107,89945,SANTA ANA,SANTIAGO,NO,NO
108,90311,EL CHIMBOTANO,INDEPENDENCIA,NO,NO
109,91449,SR DE MURUHUAY,RENCA,NO,NO
110,91450,JUAN MIGUEL CARDENAS ORTEGA,RECOLETA,NO,SI
111,91684,ARAKNIDO,MACUL,NO,SI
112,91978,BIG CHANCE 2,PEDRO AGUIRRE CERDA,NO,SI
113,91981,LUDIGO,LA PINTANA,NO,NO
114,91986,LA KELA,MACUL,NO,SI
115,91988,SAGITARIO,HUECHURABA,NO,SI
116,91994,LA CHILOTA,MACUL,NO,SI
117,92152,AQUILES FUENZALIDA FLORES,SAN JOAQUIN,NO,SI
118,92153,RAMON PONCE,LA GRANJA,NO,NO
119,92183,CAROL CLUB,LO ESPEJO,NO,NO
120,92186,ALMACEN DON RENE,ESTACION CENTRAL,NO,SI
121,92187,BAZAR VALLE VERDE EST CEN,LA PINTANA,NO,NO
122,92188,BOTILLERIA TIMY LA PINTAN,ESTACION CENTRAL,NO,SI
123,92189,CARMELITA,SAN MIGUEL,NO,NO
124,92191,ALMACEN ALICIA Y FIDEL,LA REINA,NO,NO
125,92193,MINIMARKET HAROLDO,PEDRO AGUIRRE CERDA,NO,NO
126,92195,3 ORIENTE,LA REINA,NO,NO
127,92199,MINIMARKET,ESTACION CENTRAL,NO,NO
128,92201,DON TOMAS,LA GRANJA,NO,NO
129,92204,ALMACEN INFOSER,LO BARNECHEA,NO,SI
130,92207,MINIMARKET,LA PINTANA,NO,NO
131,92212,RITA,LA PINTANA,NO,SI
132,92218,EL ALVEAR,LA PINTANA,NO,SI
133,92240,RICHY,SAN JOAQUIN,NO,SI
134,92241,LEIDY,HUECHURABA,NO,NO
135,92251,BRISTELA MUÑOZ GARRIDO,LA GRANJA,NO,NO
136,92260,RONALD,LA PINTANA,NO,SI
137,92263,MAMI MARIA,CERRILLOS,NO,NO
138,92265,AMASANDERIA ROYAL,LO ESPEJO,NO,NO
139,92271,LA CASITA,LO ESPEJO,NO,NO
140,92275,TIO LALO,VITACURA,NO,NO
141,92276,ROMERO KIOSCO,LO BARNECHEA,NO,SI
142,92278,ANTU,ESTACION CENTRAL,NO,SI
143,92280,SAN RAFAEL,LO ESPEJO,NO,SI
144,92288,TORITO,LA PINTANA,NO,SI
145,92305,EL FUTURO,LA PINTANA,NO,NO
146,92306,JUAN BARRAZA SEPULVEDA,LO PRADO,NO,SI
147,92313,SOLEY,PEDRO AGUIRRE CERDA,NO,NO
148,92316,EL CLAN DESTINO,CERRILLOS,NO,SI
149,92318,ERBI - SAN JUAN,SAN MIGUEL,NO,SI
150,92331,ERBI - SAN MIGUEL,ESTACION CENTRAL,NO,NO
151,92333,LA PAPA,SAN JOAQUIN,NO,NO
152,92335,MINIMARKET 4 M,LO BARNECHEA,NO,NO
153,92338,MINIMARKET CERRO 18,LA GRANJA,NO,SI
154,92341,VOY Y VUELVO,MACUL,NO,NO
155,92343,TIA MAGGY,CERRILLOS,NO,NO
156,92347,INTERNET R.A.P.,SAN RAMON,NO,NO
157,92349,HAYDEE OLIVERO,LA PINTANA,NO,NO
158,92350,DONDE CARLITOS,LO BARNECHEA,NO,SI
159,92351,KENA FAST SERVICE,LA PINTANA,NO,NO
160,92352,CARLOS RAMIREZ CACERES,HUECHURABA,NO,SI
161,92354,BOTILLERIA LOS PORTENOS S,ESTACION CENTRAL,NO,SI
162,92388,MARTA ELENA SALGADO GONZALEZ,PEÑALOLEN,NO,SI
163,92418,EL AMIGO,CONCHALI,NO,SI
164,92423,BAZAR LA ABUELY,PEÑALOLEN,NO,NO
165,92431,MARIA SANTANDER,PEÑALOLEN,NO,NO
166,92442,FRUTOS DEL PAIS BJ,CONCHALI,NO,SI
167,92443,SANTA BEATRIZ,LAS CONDES,NO,NO
168,92446,PANAMTUR,PEÑALOLEN,NO,SI
169,92458,TEXTIL GRECIA,CONCHALI,NO,SI
170,92462,EL BEBE,PEÑALOLEN,NO,SI
171,92466,L - L,LAS CONDES,NO,SI
172,92468,PUNTO BIP YOLANDA,PEÑALOLEN,NO,SI
173,92471,LA CENTRAL,PEÑALOLEN,NO,NO
174,92477,CANTA GALLO,PEÑALOLEN,NO,NO
175,92484,CHIQUITA,PEÑALOLEN,NO,SI
176,92485,MARCELITA,CONCHALI,NO,NO
177,92487,PAOLITA,PEÑALOLEN,NO,NO
178,92496,DANIA,PEÑALOLEN,NO,SI
179,92500,GANADERA DEL SUR,LAS CONDES,NO,SI
180,92501,PAUL HARRIS,PEÑALOLEN,NO,NO
181,92504,SAN LUIS,PEÑALOLEN,NO,SI
182,92505,LOS VIÑEDOS DEL CON PENA,CONCHALI,NO,NO
183,92516,LA JUANITA,CONCHALI,NO,SI
184,92520,BRUJITAS FIESTAS,LAS CONDES,NO,SI
185,92521,PESCADERIA PUERTO COLON,PEÑALOLEN,NO,NO
186,92522,VERDULERIA,CONCHALI,NO,SI
187,92523,BEATRIZ VILLALOBOS,PEÑALOLEN,NO,NO
188,92525,LA ABUELITA,PEÑALOLEN,NO,NO
189,92530,DON ELIAS,LAS CONDES,NO,SI
190,92531,KIOSCO BIP MANQUEHUE,PEÑALOLEN,NO,NO
191,92532,DONDE JAIME,MACUL,NO,SI
192,92541,ABARROTES LA PLAZA,MACUL,NO,NO
193,92548,L - L,PEÑALOLEN,NO,SI
194,92556,EL VICHITO,CONCHALI,NO,SI
195,92560,ERNA ASEM,PEDRO AGUIRRE CERDA,NO,SI
196,92570,EL RORO,PEÑALOLEN,NO,SI
197,92574,PUELMAPU,RECOLETA,NO,SI
198,92583,LA BUENA CARNE,RENCA,NO,NO
199,92584,ANDRES,LA CISTERNA,NO,SI
200,92622,LILY LA,INDEPENDENCIA,NO,SI
201,92631,MANOLO,INDEPENDENCIA,NO,NO
202,92633,ISA,RECOLETA,NO,NO
203,92637,MINIMARKET NENITA,RECOLETA,NO,NO
204,92647,BOTILLERIA SAN ESTEBAN,RENCA,NO,NO
205,92648,ZEUS,LA CISTERNA,NO,SI
206,92651,LEAL,RENCA,NO,NO
207,92652,PUNTO BIP DONDE JORGE,RECOLETA,NO,SI
208,92653,EL TREBOL,RENCA,NO,NO
209,92655,BRASIL,LA CISTERNA,NO,NO
210,92659,CASSETERIA CENTER,RENCA,NO,NO
211,92661,RIDENVAN,INDEPENDENCIA,NO,NO
212,92662,LA ESQUINA,RECOLETA,NO,SI
213,92673,RAUL Y XIMENA,RECOLETA,NO,NO
214,92680,SANTA ELVIRA,LA CISTERNA,NO,SI
215,92686,D LA MARI,INDEPENDENCIA,NO,SI
216,92693,ROSA FARIAS,RENCA,NO,NO
217,92707,EL ESFUERZO,RENCA,NO,NO
218,92711,EL CHAMACO,RENCA,NO,NO
219,92712,ALMACEN MAR CRIS,RECOLETA,NO,SI
220,92721,LAS MILBES,RENCA,NO,NO
221,92724,LA ESTRELLITA,SAN MIGUEL,NO,SI
222,92728,RENE SANCHEZ,CONCHALI,NO,SI
223,92745,DONDE LA ROSITA,CONCHALI,NO,NO
224,92777,LA ESQUINA DEL PAISA,SAN BERNARDO,NO,NO
225,92817,ALBIN FREDDY,PROVIDENCIA,NO,NO
226,92824,RIGOLETTO,EL BOSQUE,NO,SI
227,92832,LOS MAQUIS,EL BOSQUE,NO,SI
228,92835,PACOVI,EL BOSQUE,NO,NO
229,92839,MAKAI,EL BOSQUE,NO,NO
230,92840,DONDE MIS QUERIDOS VIEJOS,EL BOSQUE,NO,SI
231,92844,BUCANEROS,EL BOSQUE,NO,SI
232,92850,EL NEGRITO,RECOLETA,NO,SI
233,92904,SUPER ALMACEN,SAN BERNARDO,NO,SI
234,92914,LA FERIA DEL CASSETTE,SAN BERNARDO,NO,SI
235,92916,LA PALOMA,PUDAHUEL,NO,SI
236,92920,EL ARBOLITO,PUDAHUEL,NO,SI
237,92925,MINIMARKET VICTORIA PUDAH,SAN BERNARDO,NO,NO
238,92929,PAOLA,PUDAHUEL,NO,NO
239,92935,OLGA REGINA MEZA FUENTES,SAN BERNARDO,NO,NO
240,92936,KATTY,PUDAHUEL,NO,SI
241,92937,KARINA,SAN BERNARDO,NO,NO
242,92942,OLGA ELENA,SAN BERNARDO,NO,SI
243,92949,MACROSTORE,SAN BERNARDO,NO,NO
244,92950,EL PELONCITO,SAN BERNARDO,NO,SI
245,92954,BAZAR MELISSA,SAN BERNARDO,NO,SI
246,92956,PARAISO,PUDAHUEL,NO,SI
247,92967,FARM Y PERFUMERIA SERRANO,PUDAHUEL,NO,NO
248,92971,MINIMARKET FRANEDU,PUDAHUEL,NO,NO
249,92972,CATHERINNE,PUDAHUEL,NO,SI
250,92973,ANGELICA,PUDAHUEL,NO,NO
251,92974,EL LULO,PUDAHUEL,NO,SI
252,92976,ISABEL,PUDAHUEL,NO,SI
253,92980,MINIMARKET HOLLYWOOD,PUDAHUEL,NO,SI
254,92981,DONDE PANCHO,PUDAHUEL,NO,NO
255,92983,MINIMARKET FERNANDITA PUD,PUDAHUEL,NO,NO
256,92984,EL PEQUENO,PUDAHUEL,NO,SI
257,92985,SONIA,PUDAHUEL,NO,NO
258,92988,JANET OPAZO,PUDAHUEL,NO,SI
259,92989,LA BODEGUITA,PUDAHUEL,NO,NO
260,92991,GISELLE,PUDAHUEL,NO,NO
261,92993,RUFINA,PUDAHUEL,NO,NO
262,92997,MARCELA,PUDAHUEL,NO,NO
263,93000,ROSA AURORA VEJAR MUNOZ P,PUDAHUEL,NO,SI
264,93001,MILAGRO,PROVIDENCIA,NO,NO
265,93002,FARM ARAVIL,PUDAHUEL,NO,SI
266,93004,LUCHITO,PROVIDENCIA,NO,SI
267,93013,MANUEL GUILLERMO,PROVIDENCIA,NO,NO
268,93016,EL AGUILUCHO,PROVIDENCIA,NO,SI
269,93020,CHOCOLATE,PROVIDENCIA,NO,SI
270,93022,BAZAR ENTRES DOS,QUILICURA,NO,SI
271,93026,AXEL,QUILICURA,NO,SI
272,93027,NICOLE,QUILICURA,NO,NO
273,93030,BERNARDITA,QUILICURA,NO,SI
274,93033,MARIA ALICIA DIAZ VELOZO,QUILICURA,NO,NO
275,93035,REGINA CLEMENCIA ZUNIGA B,QUILICURA,NO,NO
276,93039,NICOLAS,QUILICURA,NO,NO
277,93041,CONNY,QUILICURA,NO,NO
278,93047,ALMACEN MIRIAM,QUILICURA,NO,NO
279,93056,PIMIENTA Y CANELA,QUILICURA,NO,SI
280,93074,CONIMAX,ÑUÑOA,NO,SI
281,93077,SANTA CORINA,QUILICURA,NO,NO
282,93092,ALMACEN EL TITO,QUILICURA,NO,SI
283,93093,YASNA,QUILICURA,NO,NO
284,93095,PATITO,ÑUÑOA,NO,NO
285,93098,LA PLUMA,ÑUÑOA,NO,SI
286,93099,LOS BIANCOS,ÑUÑOA,NO,NO
287,93101,COM NINO,ÑUÑOA,NO,NO
288,93102,BELORADO,QUILICURA,NO,SI
289,93105,YULI,ÑUÑOA,NO,NO
290,93107,BIP INTERNET POLLA LOTERIA RECARGAS,ÑUÑOA,NO,NO
291,93108,MANOLITO,ÑUÑOA,NO,SI
292,93115,LOS VINEDOS DEL CON. NUNO,ÑUÑOA,NO,NO
293,93118,EKEKO,ÑUÑOA,NO,SI
294,93120,IL TABAC,QUINTA NORMAL,NO,SI
295,93150,CARLOS MORALES,QUINTA NORMAL,NO,SI
296,93152,TIA ZUNI,QUINTA NORMAL,NO,SI
297,93161,SOC. COM. DICER.,QUINTA NORMAL,NO,NO
298,93164,DANA,QUINTA NORMAL,NO,SI
299,93168,MIGUEL PACHECO,QUINTA NORMAL,NO,SI
300,93172,MINIMARKET DANAE,QUINTA NORMAL,NO,SI
301,93175,MACARENA,QUINTA NORMAL,NO,NO
302,93180,IBANEZ,CERRO NAVIA,NO,SI
303,93186,YASNA Y CARLITOS,CERRO NAVIA,NO,SI
304,93188,MI CHIQUITA,CERRO NAVIA,NO,SI
305,93200,COMERCIAL M Y F,CERRO NAVIA,NO,SI
306,93204,JC,CERRO NAVIA,NO,SI
307,93206,VICTORIA,CERRO NAVIA,NO,SI
308,93207,AGUCHAVE,CERRO NAVIA,NO,NO
309,93210,EL NACHO,CERRO NAVIA,NO,SI
310,93211,DONDE LA ABUELA,CERRO NAVIA,NO,NO
311,93228,AUDINA DIAZ,CERRO NAVIA,NO,SI
312,93229,COM MAGALY,CERRO NAVIA,NO,NO
313,93243,LAPICITO,LAS CONDES,NO,NO
314,93249,EL NARANJO,EL BOSQUE,NO,NO
315,93253,EL CISNE,RENCA,NO,NO
316,93260,COM DEUTSCHI,CERRO NAVIA,NO,SI
317,93265,BAZAR NOR YEN,CERRO NAVIA,NO,NO
318,93268,MINIMARKET AHORA SI,CERRO NAVIA,NO,SI
319,93270,EL GUATON VERA,CERRO NAVIA,NO,SI
320,93271,ROSALIA ELIANETH ARANZAEZ,SANTIAGO,NO,NO
321,93300,ERBI - SANTA ROSA,PUENTE ALTO,NO,SI
322,93313,EL CRISTO,LA FLORIDA,NO,NO
323,93314,LULY,PUENTE ALTO,NO,SI
324,93317,ALMACEN LA ESQUINA,PUENTE ALTO,NO,NO
325,93346,CIBERGAMERS,QUINTA NORMAL,NO,SI
326,93361,LA CAMPANA,PUENTE ALTO,NO,NO
327,93401,RENE,PUENTE ALTO,NO,NO
328,93402,SAN ALBERTO,PUENTE ALTO,NO,SI
329,93405,MARSAN,PUENTE ALTO,NO,NO
330,93414,MARSAN,PUENTE ALTO,NO,SI
331,93421,EL CHAYAVIENTOS,PUENTE ALTO,NO,NO
332,93435,TRINIDAD,PUENTE ALTO,NO,NO
333,93436,CARNICERIA RP,PUENTE ALTO,NO,SI
334,93437,CACHUREO,PUENTE ALTO,NO,NO
335,93440,GLADYS HERNANDEZ FLORES P,PUENTE ALTO,NO,SI
336,93442,ALMACEN DON TONO,PUENTE ALTO,NO,SI
337,93444,EL ALBA,PUENTE ALTO,NO,SI
338,93445,BAZAR VIKINGO,PUENTE ALTO,NO,NO
339,93446,CENTRO T Y T,PUENTE ALTO,NO,SI
340,93447,NOCEDAL,LA FLORIDA,NO,NO
341,93451,DONDE MARGARITA,LA FLORIDA,NO,NO
342,93454,ENRIQUE SANHUEZA OSSES,LA FLORIDA,NO,SI
343,93455,KIOSCO JULIA,LA FLORIDA,NO,NO
344,93458,SANTA TERESITA,LA FLORIDA,NO,SI
345,93459,CHO CHOL,LA FLORIDA,NO,NO
346,93460,ALFONSO RIVERA,QUILICURA,NO,SI
347,93468,YENNEVA,LA FLORIDA,NO,SI
348,93472,LA MAMI,LA FLORIDA,NO,SI
349,93478,ERBI - LA FLORIDA,LA FLORIDA,NO,SI
350,93480,ALISON,LA FLORIDA,NO,SI
351,93481,EL VECINO,LA FLORIDA,NO,NO
352,93482,WALDO CHRISTIAN RUBIO,LA FLORIDA,NO,SI
353,93483,KIOSKO CRISMA,LA FLORIDA,NO,NO
354,93484,ALEJANDRO OLIVARES J,LA FLORIDA,NO,SI
355,93485,JUAN AVILES,LA FLORIDA,NO,NO
356,93491,SANTA HELITA,PEDRO AGUIRRE CERDA,NO,NO
357,93492,ALMACEN GEMITA,PUDAHUEL,NO,SI
358,93496,SANTA TERESITA,MAIPU,NO,SI
359,93514,ALMACEN GUILLERMINA,QUILICURA,NO,SI
360,93522,MARY,MAIPU,NO,SI
361,93542,SERVICIO TOTAL,MAIPU,NO,SI
362,93546,FARMACIA PRINCIPAL,MAIPU,NO,SI
363,93547,EL CIELO,MAIPU,NO,NO
364,93548,GENESIS,MAIPU,NO,SI
365,93549,LAS VENTANAS,MAIPU,NO,NO
366,93551,MARY,MAIPU,NO,NO
367,93558,JUEGOS BIP,MAIPU,NO,SI
368,93563,LA EMERGENCIA,MAIPU,NO,NO
369,93564,DELFA,MAIPU,NO,SI
370,93567,FARM PRINCIPAL,MAIPU,NO,NO
371,93571,LA VEGUITA,MAIPU,NO,NO
372,93575,EL MONTINO,MAIPU,NO,NO
373,93588,GENESIS,MAIPU,NO,SI
374,93609,ALMACEN EL VECINO,MAIPU,NO,NO
375,93613,AINHOITA,MAIPU,NO,NO
376,93641,SANTA TERESA,MAIPU,NO,NO
377,93642,ERBI - MAIPU,MAIPU,NO,SI
378,93649,ANTONELLA,MAIPU,NO,NO
379,93650,EL FILODENDRO,MAIPU,NO,SI
380,93656,SILVANA SAAVEDRA GARCIA M,MAIPU,NO,SI
381,93658,CARYPED,MAIPU,NO,SI
382,93659,D LUKAS,MAIPU,NO,NO
383,93664,JULY N 1,MAIPU,NO,SI
384,93666,NICO,MAIPU,NO,SI
385,93685,CLAUDIO MARCELO,SANTIAGO,NO,NO
386,93703,JUANA CORTES,SANTIAGO,NO,NO
387,93705,LIBRERIA PINOCHO,SANTIAGO,NO,NO
388,93708,LIBRERIA PINOCHO,SANTIAGO,NO,SI
389,93709,ERBI - PORTUGAL,SANTIAGO,NO,NO
390,93722,DUCAL,SANTIAGO,NO,SI
391,93729,JEAN PAUL,SANTIAGO,NO,NO
392,93730,PROMARKET,SANTIAGO,NO,SI
393,93733,BRAVO Y JARA LIMITADA,SANTIAGO,NO,NO
394,93734,AYLINE,SANTIAGO,NO,SI
395,93745,PANADERIA STANDARD STGO,SANTIAGO,NO,NO
396,93746,PAN SANTIAGO,SANTIAGO,NO,SI
397,93748,EVITA,SANTIAGO,NO,SI
398,93767,EL ARCA DE NOE,SANTIAGO,NO,NO
399,93779,PARINACOTA JOYAS,SANTIAGO,NO,NO
400,93785,LOS TOPOS,SANTIAGO,NO,NO
401,93787,VANESSA,LA FLORIDA,NO,NO
402,93821,OASIS,LA PINTANA,NO,NO
403,93835,GABE,QUILICURA,NO,NO
404,93837,LA CASERITA,PUDAHUEL,NO,NO
405,93845,MARIA ANGELICA,PROVIDENCIA,NO,NO
406,93857,KIOSKO CRISTIAN,INDEPENDENCIA,NO,NO
407,93990,VICTORIA ILUSION,MACUL,NO,SI
408,93993,JORGE RUBIO,RECOLETA,NO,NO
409,94061,EL PROGRESO,INDEPENDENCIA,NO,NO
410,94098,LAURA PAMELA,MAIPU,NO,SI
411,94103,GIRASOL,RECOLETA,NO,NO
412,94120,EL RUBIO,SAN JOAQUIN,NO,SI
413,94126,MARTA SANTIBAÑEZ,INDEPENDENCIA,NO,SI
414,94131,JUDITH,MAIPU,NO,NO
415,94147,CORAOS,PUDAHUEL,NO,NO
416,94154,RSV ENTRETENIMIENTOS EIRL,CONCHALI,NO,SI
417,94157,LA PUNTA DE DIAMANTE,PEÑALOLEN,NO,NO
418,94182,SANTA TERESITA,VITACURA,NO,SI
419,94191,URIEL ORDOÑEZ,LAS CONDES,NO,NO
420,94201,LAS PEQUES,QUILICURA,NO,NO
421,94222,ESTESY Y BENJY,ÑUÑOA,NO,SI
422,94252,KIOSCO,LAS CONDES,NO,SI
423,94363,FARMACIA LORENA,MAIPU,NO,NO
424,94365,NUEVO AMANECER,HUECHURABA,NO,NO
425,94379,DONDE CARLITOS,MAIPU,NO,NO
426,94380,CONI,CONCHALI,NO,SI
427,94401,DONDE JUANITO,PEÑALOLEN,NO,NO
428,94405,JANO,SANTIAGO,NO,NO
429,94410,JORGE ORTIZ,RENCA,NO,SI
430,94413,KATYLINA,CERRO NAVIA,NO,NO
431,94420,CARMELO,ÑUÑOA,NO,SI
432,94441,LO ALMENDRO LTDA.,MAIPU,NO,NO
433,94511,PIN PON,LO ESPEJO,NO,NO
434,94513,DYLAN Y JAVIERA,SAN JOAQUIN,NO,NO
435,94551,ISRAEL,PUDAHUEL,NO,NO
436,94556,PATO,CERRILLOS,NO,SI
437,94558,ERBI - CERRILLOS (LOS ESTUDIANTES),CONCHALI,NO,SI
438,94559,ERBI - CONCHALI,SANTIAGO,NO,NO
439,94564,ERBI - SAN DIEGO 2,LA CISTERNA,NO,SI
440,94567,ERBI - LA CISTERNA,RECOLETA,NO,NO
441,94570,LAS CARMELITAS,PUENTE ALTO,NO,SI
442,94587,NELIDA,RECOLETA,NO,NO
443,94591,EL GRIFO,ÑUÑOA,NO,NO
444,94593,PERLA,PUENTE ALTO,NO,NO
445,94599,DONDE EL PABLO,VITACURA,NO,NO
446,94604,RAQUEL MORA,PUENTE ALTO,NO,SI
447,94613,FABIOLA,MAIPU,NO,NO
448,94730,CYBERNAUTA,PUDAHUEL,NO,SI
449,94739,YESSICA,CERRO NAVIA,NO,NO
450,94745,BELEN,PUENTE ALTO,NO,NO
451,94752,PATRICIA,SAN BERNARDO,NO,SI
452,94753,CRISTOBAL,ESTACION CENTRAL,NO,NO
453,94766,PATRICIA,SANTIAGO,NO,SI
454,94768,ELSA,SAN BERNARDO,NO,SI
455,94773,BERNARDITA,SAN BERNARDO,NO,NO
456,94781,LI,LO ESPEJO,NO,NO
457,94901,SAN DANIEL,QUILICURA,NO,NO
458,94903,LA MARITA,LA PINTANA,NO,NO
459,94914,CASIMILA,SANTIAGO,NO,SI
460,94923,DON BOSCO,SANTIAGO,NO,NO
461,94945,ARCELISA,PUENTE ALTO,NO,NO
462,94964,LAS 5 DELICIAS,SAN BERNARDO,NO,SI
463,94973,MASERVICIO,CERRO NAVIA,NO,NO
464,94995,EL NOGAL 7,LA GRANJA,NO,NO
465,95012,NICOL,SAN RAMON,NO,SI
466,95013,JOCELIN,QUINTA NORMAL,NO,NO
467,95035,DON JULIO,HUECHURABA,NO,NO
468,95037,HACIA EL FUTURO,ESTACION CENTRAL,NO,NO
469,95073,SHALOM,PEDRO AGUIRRE CERDA,NO,NO
470,95076,BETO,MAIPU,NO,SI
471,95080,SANTA MARIA,LA CISTERNA,NO,SI
472,95082,LA ESKINA,LA FLORIDA,NO,SI
473,95111,SOL DEL CIELO,SAN BERNARDO,NO,NO
474,95113,IVAL,MAIPU,NO,NO
475,95118,GABY,MAIPU,NO,SI
476,95120,SAN SEBASTIAN,MAIPU,NO,SI
477,95121,MARTITA,EL BOSQUE,NO,NO
478,95123,SNOOPY,PEÑALOLEN,NO,NO
479,95158,COMERCIAL SAVAN E RM,LA CISTERNA,NO,SI
480,95160,DONDE CALISTO,LO PRADO,NO,SI
481,95163,FLORES HERMANOS,LAS CONDES,NO,NO
482,95173,DIANIT,SANTIAGO,NO,NO
483,95179,CONTINENTAL EXPRESS,QUINTA NORMAL,NO,NO
484,95186,EL MERCADITO,LA PINTANA,NO,SI
485,95190,TOMASITO,PUDAHUEL,NO,SI
486,95222,JOSE ANDRES FARIAS LLANCA,LA PINTANA,NO,SI
487,95229,EL NANO,HUECHURABA,NO,NO
488,95241,RAVERA,SANTIAGO,NO,NO
489,95244,CASTILLO MARKET,SANTIAGO,NO,SI
490,95260,KIOSKO,SANTIAGO,NO,SI
491,95261,TODO MARKET,MAIPU,NO,NO
492,95265,BAZAR ANGELA,LA PINTANA,NO,NO
493,95269,JACQUELINE,SANTIAGO,NO,NO
494,95281,CAVANET,PUDAHUEL,NO,NO
495,95283,DON TITO,LO PRADO,NO,NO
496,95284,LA HERRADURA,CONCHALI,NO,SI
497,95287,LA ESQUINA,SAN JOAQUIN,NO,NO
498,95289,OMAR NAVARRETE CURTI,LA PINTANA,NO,NO
499,95293,BOTILLERIA ONUCHA,LA PINTANA,NO,NO
500,95294,TOMASITO DOS,PUDAHUEL,NO,SI
501,95295,EL CHICHO,PEDRO AGUIRRE CERDA,NO,NO
502,95297,PILAR,SAN BERNARDO,NO,NO
503,95313,BAZAR DON CARLOS,ESTACION CENTRAL,NO,NO
504,95334,BELEN Y JAIN,LA GRANJA,NO,SI
505,95336,EL PULPITO,ESTACION CENTRAL,NO,SI
506,95342,D TECNO OFFICE,CERRO NAVIA,NO,SI
507,95350,BAZAR NANY,PUENTE ALTO,NO,SI
508,95400,EBEN EZER,LA PINTANA,NO,SI
509,95402,DANNY,PEÑALOLEN,NO,SI
510,95415,EL BICHO,PEÑALOLEN,NO,NO
511,95435,COMERCIAL LUNITA,PEDRO AGUIRRE CERDA,NO,NO
512,95439,IVONNE,PUDAHUEL,NO,NO
513,95463,ALMACEN ROSITA,SAN JOAQUIN,NO,NO
514,95464,IVAN-JOR,LA PINTANA,NO,SI
515,95494,DON PEPE,LA PINTANA,NO,SI
516,95495,MINIMERCADO 21 DE MAYO,SANTIAGO,NO,NO
517,95522,PAZ MARIA YEOMANS LOPEZ,PUDAHUEL,NO,SI
518,95551,ALMENDRAL,RENCA,NO,NO
519,95567,EDUVIJES DEL CARMEN RIVAS ECHEVERRIA,SANTIAGO,NO,NO
520,95580,JUEGOS DE AZAR,SANTIAGO,NO,SI
521,95594,ALMACEN RODRIGO,SAN JOAQUIN,NO,SI
522,95846,EL FABBI,SAN BERNARDO,NO,SI
523,95851,LA NEGRA,PEÑALOLEN,NO,NO
524,95874,ARMANDO ANTONIO QUIÑINAO ÑANCUPAN,QUILICURA,NO,SI
525,95884,LOS CIPRESES,INDEPENDENCIA,NO,SI
526,95886,PRODUCTOS A4,PEÑALOLEN,NO,SI
527,95894,ALMACEN KRISHNNA,ÑUÑOA,NO,SI
528,95898,MARISOL PEZOA ARANGUIZ,ESTACION CENTRAL,NO,SI
529,95905,DIEGO NET@,PEDRO AGUIRRE CERDA,NO,NO
530,95911,JOANANNA Y JOSE,MAIPU,NO,NO
531,95919,LUIS ROJAS JAQUE,MAIPU,NO,NO
532,95920,LUIS ROJAS JAQUE,VITACURA,NO,SI
533,95935,MARIA JARA VEJAR,QUINTA NORMAL,NO,NO
534,95938,CIBER GLADYS,PUDAHUEL,NO,SI
535,95940,IQUIQUE,PUDAHUEL,NO,SI
536,95947,ANAKAREN,RENCA,NO,NO
537,95950,JUAN,LA FLORIDA,NO,SI
538,95957,EL MEZON,PEÑALOLEN,NO,NO
539,95962,LA MAMY,SAN BERNARDO,NO,SI
540,95966,FULL MARKET,PEDRO AGUIRRE CERDA,NO,SI
541,95970,JUANA CALCUMIL REYES,LA GRANJA,NO,SI
542,95973,MIREYA DEL CARMEN NAVARRETE SEPULVEDA,LA REINA,NO,NO
543,95983,ABASTO LARRAIN,LA FLORIDA,NO,NO
544,95985,LA CHASCONA,LA FLORIDA,NO,NO
545,95989,EL TOMECINO,SAN RAMON,NO,NO
546,96185,ANMAROAN,SAN BERNARDO,NO,NO
547,96233,BAZAR JHON,MACUL,NO,NO
548,96331,FLORITA,QUINTA NORMAL,NO,NO
549,96439,EL GALLO,SANTIAGO,NO,NO
550,96442,LA LIMEÑITA,LO BARNECHEA,NO,SI
551,96470,MARIO ENRIQUE DAVILA VEGA,LA FLORIDA,NO,SI
552,96505,BELEN,LA PINTANA,NO,NO
553,96559,CAAN GOOL CRIS,SANTIAGO,NO,NO
554,96605,SHALOM,LA FLORIDA,NO,NO
555,96613,PATITO,SANTIAGO,NO,NO
556,96668,DON FRANCIS,CERRO NAVIA,NO,SI
557,96677,EL GLOTON,RECOLETA,NO,NO
558,96701,SAJOWALDANA,INDEPENDENCIA,NO,NO
559,96760,JUMBITO,PUENTE ALTO,NO,SI
560,96844,DONDE LA ANY,LAS CONDES,NO,SI
561,96846,LOS NEGRITOS,MAIPU,NO,SI
562,96957,SHAGUITO,MAIPU,NO,NO
563,96959,BRASIL,PUENTE ALTO,NO,NO
564,96975,LA NENITA,PUENTE ALTO,NO,NO
565,96976,SUPERIOR,RENCA,NO,SI
566,96987,BAMBI,PUENTE ALTO,NO,NO
567,96993,LA JOVY,HUECHURABA,NO,NO
568,97018,ZONA TABACO,PUENTE ALTO,NO,SI
569,97040,BAZAR DEYKA LTDA.,PEÑALOLEN,NO,SI
570,97097,DON KIKO,PUDAHUEL,NO,NO
571,97103,GENNESIS,SAN BERNARDO,NO,NO
572,97110,ALMACEN EL AÑE,MAIPU,NO,SI
573,97137,EL DIAMANTE,CERRO NAVIA,NO,NO
574,97200,VALESKA,LO ESPEJO,NO,SI
575,97406,SANTA OLGA,SAN JOAQUIN,NO,SI
576,97481,SAN ALBERTO,LA FLORIDA,NO,NO
577,97506,HASSMARKET,ÑUÑOA,NO,SI
578,97571,KIOSCO ANITA,QUILICURA,NO,NO
579,97572,MUSTAFA,MAIPU,NO,SI
580,97638,IRMA,MAIPU,NO,SI
581,97639,EDUARDO,MACUL,NO,NO
582,97654,DON RAUL,ESTACION CENTRAL,NO,SI
583,97676,GENESIS,CERRILLOS,NO,SI
584,97681,LA PAZ DE SAN MARTIN,CERRILLOS,NO,NO
585,97684,ESTABLECIMIENTOS MAURY,INDEPENDENCIA,NO,SI
586,97821,ALMACEN SONIA,INDEPENDENCIA,NO,NO
587,97825,ALMACEN PATRICIA,RENCA,NO,NO
588,97831,ALMACEN - BAZAR,ESTACION CENTRAL,NO,NO
589,97836,PLAZUELA EL NOGAL,CERRILLOS,NO,SI
590,97845,PATRICIA VILLAROEL GONZALEZ,MAIPU,NO,NO
591,97863,MANUEL,PUDAHUEL,NO,NO
592,97939,EL 21 DE QUERI,CERRILLOS,NO,NO
593,97959,LA VIVI,CERRILLOS,NO,NO
594,97962,PABLO SELAIVA ULLOA,SAN RAMON,NO,SI
595,98065,APTC MASCOTAS,LA FLORIDA,NO,NO
596,98098,ANCLAMAR,RENCA,NO,SI
597,98133,ALMACEN Y BAZAR,CERRILLOS,NO,NO
598,98183,CAMILITA,CERRO NAVIA,NO,NO
599,98308,MARCELA JACQUELINE FEMINIAS GONZALEZ,PEÑALOLEN,NO,SI
600,98370,KIOSKO ABARROTES LORENA,RENCA,NO,SI
601,98510,MANOLO,ESTACION CENTRAL,NO,SI
602,98516,ALMACEN LOS BASTIAS,INDEPENDENCIA,NO,SI
603,98519,FARMACIA Y PERFUMERIA BENJAMIN,ESTACION CENTRAL,NO,NO
604,98569,GONZALO ESTEBAN CARVACHO BUSTAMANTE,SAN RAMON,NO,NO
605,98618,LOS ANGELES,SAN BERNARDO,NO,SI
606,98623,SANDRA TORO ESPINOZA,QUILICURA,NO,NO
607,98695,DONDE LA CLAUDIA,QUILICURA,NO,NO
608,98696,MAR Y SOL,QUINTA NORMAL,NO,SI
609,98701,ELIZABETH CATHERINE MONREAL RIOS,CERRILLOS,NO,NO
610,98711,JUANITO,CERRILLOS,NO,NO
611,98713,EL PAMPINO,CONCHALI,NO,NO
612,98722,BOTILLERIA DONDE ALICIA,EL BOSQUE,NO,SI
613,98757,POLO,PEDRO AGUIRRE CERDA,NO,NO
614,98758,CLAUDIA,PUENTE ALTO,NO,SI
615,98764,SAN JOSE,ÑUÑOA,NO,SI
616,98771,VELEROS,ÑUÑOA,NO,NO
617,98772,CRISTIAN,SANTIAGO,NO,SI
618,98775,ALMACEN JAZMIN,SANTIAGO,NO,NO
619,98777,VICTOR ALFREDO BASILIO HILARIO,PUENTE ALTO,NO,NO
620,98849,ORIETTA WYSS,PUENTE ALTO,NO,NO
621,98851,MI SUEÑO,LAS CONDES,NO,NO
622,98991,TIENDA UPA!-SHELL (F.169),VITACURA,NO,NO
623,98992,TIENDA UPA!-SHELL (F.171),QUILICURA,NO,SI
624,99006,KRIKA KEY,QUINTA NORMAL,NO,SI
625,99009,COLO COLO,CERRILLOS,NO,NO
626,99017,MIS KOSITAS,CONCHALI,NO,NO
627,99024,LOS VECINOS,CONCHALI,NO,SI
628,99026,BOTILLERIA EL CESANTE,SANTIAGO,NO,SI
629,99036,MARISOL,PUENTE ALTO,NO,SI
630,99037,ADONAIS,PEÑALOLEN,NO,NO
631,99114,LA CENTRAL 2,LA FLORIDA,NO,SI
632,99116,JIMMY,LA CISTERNA,NO,SI
633,99123,FRANCIA,RENCA,NO,NO
634,99125,MULTIJUEGOS Y CENTRO DE PAGOS,PEÑALOLEN,NO,NO
635,99133,ABARROTES ANITA,LA FLORIDA,NO,NO
636,99135,SAN MIGUEL,PEÑALOLEN,NO,NO
637,99145,GENESIS,MACUL,NO,NO
638,99179,MI BARRIO,RECOLETA,NO,NO
639,99181,SANTA MARTA,LA GRANJA,NO,NO
640,99194,YOYITA,LA REINA,NO,SI
641,99199,LOS REYES,PUDAHUEL,NO,NO
642,99203,CAMILA,LA CISTERNA,NO,NO
643,99242,SOLEDAD,CERRO NAVIA,NO,SI
644,99313,MARGARITA VEGA,CERRO NAVIA,NO,NO
645,99316,LOS PEQUES,RENCA,NO,SI
646,99319,BELEN,CONCHALI,NO,NO
647,99336,CENTRO DE LLAMADOS,PEDRO AGUIRRE CERDA,NO,SI
648,99346,SHALOM,PEDRO AGUIRRE CERDA,NO,SI
649,99349,SANTA INES,LA FLORIDA,NO,NO
650,99352,ALMACEN CARLA Y DANY,RECOLETA,NO,SI
651,99384,CARNES EL CHINITO,MAIPU,NO,SI
652,99443,JOEL,SANTIAGO,NO,NO
653,99444,SANTA TERESA,LA FLORIDA,NO,SI
654,99445,ALEJANDRA,MAIPU,NO,NO
655,99446,JOEL,LAS CONDES,NO,SI
656,99462,EL MANOLO,SANTIAGO,NO,SI
657,99554,CENTRO DE LLAMADOS,CERRO NAVIA,NO,SI
658,99561,GALBARINO,QUINTA NORMAL,NO,NO
659,99564,BELEN,QUINTA NORMAL,NO,SI
660,99567,PALAS ATENEA,LA FLORIDA,NO,NO
661,99568,MASTER BAKER SPA,RECOLETA,NO,SI
662,99574,JA-V-IC,ESTACION CENTRAL,NO,SI
663,99634,CRISOL,LAS CONDES,NO,SI
664,99682,AUCO,RENCA,NO,SI
665,99713,LA CLARIETA,ESTACION CENTRAL,NO,NO
666,99787,TIA PATY,SANTIAGO,NO,NO
667,99795,JHOSKA,LO ESPEJO,NO,NO
668,99814,DONDE EL RODO,PUENTE ALTO,NO,SI
669,99869,TODO PETS,PUDAHUEL,NO,NO
670,99903,MI BAZAR,ÑUÑOA,NO,NO
671,100035,KIOSKO,ÑUÑOA,NO,NO
672,100037,GARRAS Y PATAS,ÑUÑOA,NO,NO
673,100039,RIOLA DELGADO ARRIAGADA,SAN BERNARDO,NO,NO
674,100040,MINIMARKET LOS PEREZ,SANTIAGO,NO,SI
675,100041,SAGITARIO,LA REINA,NO,NO
676,100051,TABAQUERIA,LA REINA,NO,NO
677,100052,ALMACEN,MAIPU,NO,SI
678,100058,MARIA ANGELICA SOTO MORALES,MAIPU,NO,SI
679,100060,MARCO ANTONIO,SAN JOAQUIN,NO,SI
680,100117,MINIMARKET MARISA,LA FLORIDA,NO,NO
681,100118,GLORIS,QUILICURA,NO,SI
682,100154,PABLITO,QUINTA NORMAL,NO,SI
683,100158,LITTLE MARKET,CERRILLOS,NO,SI
684,100169,PROVISIONES SANTA FE,CERRO NAVIA,NO,NO
685,100170,POLI,RENCA,NO,SI
686,100188,MIAMI 1,LA FLORIDA,NO,SI
687,100192,DOMI,PUENTE ALTO,NO,SI
688,100202,HNOS JOFRE Y CIA.,CERRO NAVIA,NO,SI
689,100234,LA MENCHE,PEDRO AGUIRRE CERDA,NO,SI
690,100267,RUBEN GAJARDO,LA GRANJA,NO,NO
691,100288,FLAK JESS,MACUL,NO,SI
692,100340,SAN JUAN,CONCHALI,NO,SI
693,100349,CIBER CHARMUT,LO ESPEJO,NO,NO
694,100373,ANILY,LA FLORIDA,NO,NO
695,100401,ALMACEN BAZAR FELYPE,EL BOSQUE,NO,NO
696,100407,PABLO JAIME VALDEBENITO FARIAS,LA FLORIDA,NO,NO
697,100412,SEÑORA CARMEN,SAN MIGUEL,NO,SI
698,100417,EL TATA,LAS CONDES,NO,NO
699,100425,JUAN ANTONIO PRATS VERDUGO,LA FLORIDA,NO,NO
700,100427,ANGEL MARKET,PROVIDENCIA,NO,NO
701,100436,ALMACEN DEL BARRIO,ÑUÑOA,NO,SI
702,100592,PO LOTO,SANTIAGO,NO,SI
703,100595,SAN ELOY,SANTIAGO,NO,NO
704,100674,REVELACION,CERRO NAVIA,NO,SI
705,100690,ALMACEN LA COPA,LO PRADO,NO,SI
706,100703,EL CHOLITO,MAIPU,NO,NO
707,100764,PLAN D,CERRO NAVIA,NO,SI
708,100766,MISS EMILI,LA GRANJA,NO,SI
709,100778,PROGRESO,PUDAHUEL,NO,SI
710,100795,MONICA URRA,ESTACION CENTRAL,NO,NO
711,100805,MARITZA,QUINTA NORMAL,NO,NO
712,100842,ELIZABETH VARAS,SAN BERNARDO,NO,SI
713,101094,ABY,CONCHALI,NO,SI
714,101125,NINIVE,SANTIAGO,NO,NO
715,101157,JAIME VERGARA,RENCA,NO,NO
716,101158,PAMELITA,LO ESPEJO,NO,SI
717,101209,FERNANDO,ESTACION CENTRAL,NO,NO
718,101211,CONSTANTINI CHANELL Y CIA. LTDA.,PROVIDENCIA,NO,NO
719,101230,KIOSKO,INDEPENDENCIA,NO,SI
720,101231,LUCHO DRINK,PUENTE ALTO,NO,NO
721,101233,EL FARO,PROVIDENCIA,NO,NO
722,101235,SERVICIOS PUBLICITARIOS MEDITERRANEO,PUENTE ALTO,NO,NO
723,101286,ROSITA,RECOLETA,NO,SI
724,101452,SO-FI,ESTACION CENTRAL,NO,SI
725,101459,CHAYO DOS,SAN JOAQUIN,NO,NO
726,101514,CLAUDIA,MAIPU,NO,SI
727,101524,ROMAN SIGUENZA,INDEPENDENCIA,NO,SI
728,101576,NICOLE,PUDAHUEL,NO,SI
729,101577,EL SOL EIRL,ESTACION CENTRAL,NO,NO
730,101650,GENOVEVA,CONCHALI,NO,SI
731,101656,TIA LUCA,PUENTE ALTO,NO,SI
732,101657,ROSSY,LA GRANJA,NO,NO
733,101683,REBECA,LA GRANJA,NO,NO
734,101765,DONDE EL NEGRO CHICO,EL BOSQUE,NO,NO
735,101769,JUANITO,PUENTE ALTO,NO,NO
736,101770,CENTINELA,RECOLETA,NO,SI
737,101980,ROSA BUSTOS,SANTIAGO,NO,SI
738,101990,LA MONA,LA PINTANA,NO,SI
739,102156,CRISTINA ISABEL,RENCA,NO,SI
740,102213,CANGREJO,PROVIDENCIA,NO,NO
741,102217,KIOSCO,CERRO NAVIA,NO,NO
742,102227,CYBER MAYUMY,CONCHALI,NO,NO
743,102230,ALMACEN,PUDAHUEL,NO,SI
744,102233,NATTY,SAN RAMON,NO,NO
745,102291,EL ILLY,LA REINA,NO,NO
746,102301,JAD,RENCA,NO,NO
747,102332,EL RINCON,RENCA,NO,SI
748,102335,ANTONIA Y YOYI,PUENTE ALTO,NO,NO
749,102366,TUGA TUGA,VITACURA,NO,SI
750,102375,TIENDA UPA!-SHELL (F.160),LO BARNECHEA,NO,NO
751,102376,TIENDA UPA!-SHELL (F.128),MAIPU,NO,SI
752,102441,CASA MARCO,ESTACION CENTRAL,NO,NO
753,102449,LA REGALONA,SANTIAGO,NO,NO
754,102451,SEBASTIAN CESAR,LA FLORIDA,NO,NO
755,102562,NACHITA,PUDAHUEL,NO,SI
756,102855,KIOSCOTE,RENCA,NO,NO
757,102868,ZG.COM,PUENTE ALTO,NO,SI
758,102879,LUIS MARDONES,SAN JOAQUIN,NO,NO
759,102880,CLAUDIO ACUÑA,INDEPENDENCIA,NO,SI
760,102886,MARGARITA,LA PINTANA,NO,SI
761,102890,VIRTIENTES,MAIPU,NO,SI
762,102899,DULCE PALADAR,CERRILLOS,NO,NO
763,102900,MARANATHA,PUDAHUEL,NO,SI
764,102906,NUESTRO SUEÑO,LA FLORIDA,NO,SI
765,102913,CAMPO VERDE,LO BARNECHEA,NO,NO
766,102914,FLOR ABARZUA,LA FLORIDA,NO,SI
767,102916,EL ESFUERZO,LA FLORIDA,NO,SI
768,102919,CURACAUTIN,RECOLETA,NO,NO
769,103052,CARMEN MORALES,INDEPENDENCIA,NO,SI
770,103122,MI ABUELITA ANA,RECOLETA,NO,SI
771,103130,GALAXIA,INDEPENDENCIA,NO,SI
772,103131,EYDEN FELIX,QUILICURA,NO,NO
773,103135,HAPPY,ESTACION CENTRAL,NO,NO
774,103145,SIGUENZA,MAIPU,NO,NO
775,103151,DONDE MAJO,RENCA,NO,NO
776,103153,BENBEL Y CAR LTDA.,LO BARNECHEA,NO,NO
777,103159,PANCHITO,MAIPU,NO,NO
778,103160,FELIX,RENCA,NO,SI
779,103164,I Y R,ESTACION CENTRAL,NO,SI
780,103363,JAMES,LA GRANJA,NO,NO
781,103374,MARITA,QUINTA NORMAL,NO,SI
782,103379,NIDIA,MACUL,NO,NO
783,103397,HECTOR GARCIA,ÑUÑOA,NO,NO
784,103400,TOO EL RATO,SAN RAMON,NO,SI
785,103493,ADONAY,LA PINTANA,NO,NO
786,103494,WILLIAMS III,LA FLORIDA,NO,SI
787,103501,YASNITA,CONCHALI,NO,NO
788,103541,ALMACEN Y BAZAR MANOLO,PEÑALOLEN,NO,NO
789,103543,CRISTY,PUDAHUEL,NO,NO
790,103558,SIGUENZA,LA CISTERNA,NO,SI
791,103564,MARINAS,LA REINA,NO,SI
792,103565,LORENA,CONCHALI,NO,NO
793,103567,GRANDE MARTIN,MAIPU,NO,NO
794,103569,ANDREITA,ESTACION CENTRAL,NO,NO
795,103571,YIREH,CERRO NAVIA,NO,NO
796,103575,CAMILA,SANTIAGO,NO,NO
797,103581,CRISMADY,PUDAHUEL,NO,NO
798,103587,MAGDALENA AROS,PUENTE ALTO,NO,NO
799,103592,JOSE ARANGUIZ SALGADO,MAIPU,NO,SI
800,103605,CARMEN,RECOLETA,NO,NO
801,103606,EL PIDA,QUINTA NORMAL,NO,SI
802,103611,FENIX N J F,LO ESPEJO,NO,NO
803,103613,VALPARAISO,LA GRANJA,NO,NO
804,103615,LOS GIRASOLES,CERRILLOS,NO,NO
805,103620,EL TIO BARNY,PUDAHUEL,NO,SI
806,103633,LUZ MARIA CAÑETE,SANTIAGO,NO,NO
807,103706,GOÑI MELGAREJO LTDA,LA GRANJA,NO,SI
808,103921,PATO JUEGOS ELECTRONICOS,PUDAHUEL,NO,NO
809,104060,LOBY,EL BOSQUE,NO,SI
810,104073,FARMACIA VIVI,CERRO NAVIA,NO,NO
811,104077,SAN JOSE,HUECHURABA,NO,NO
812,104080,LIBRA,LA GRANJA,NO,SI
813,104083,LA SINGER,PEÑALOLEN,NO,NO
814,104089,QUIKY,INDEPENDENCIA,NO,NO
815,104093,KIOSCO ROSSANA,QUILICURA,NO,NO
816,104095,K Y R,LA FLORIDA,NO,NO
817,104096,SU BAZAR,QUILICURA,NO,SI
818,104098,HAITUCURA YONEL,LA FLORIDA,NO,SI
819,104099,VALENTINA,ESTACION CENTRAL,NO,NO
820,104103,YUSY,PEÑALOLEN,NO,NO
821,104122,TIENDA UPA!-SHELL (F.118),ÑUÑOA,NO,SI
822,104123,TIENDA UPA!-SHELL (F.134),CERRILLOS,NO,NO
823,104163,ERBI - CERRILLOS,QUILICURA,NO,NO
824,104194,SAMIR,PEDRO AGUIRRE CERDA,NO,SI
825,104232,SARITA,LO ESPEJO,NO,SI
826,104240,VANIA,RENCA,NO,SI
827,104250,MARY,LA PINTANA,NO,SI
828,104252,BABY OFERTAS,PUENTE ALTO,NO,SI
829,104258,JABES CHILE LTDA.,INDEPENDENCIA,NO,SI
830,104262,MACARENA,LA GRANJA,NO,SI
831,104263,EL BASTY,LA FLORIDA,NO,NO
832,104266,FALA EMMA,SANTIAGO,NO,SI
833,104273,TIENDA UPA!-SHELL (F.153),MAIPU,NO,NO
834,104291,MINIMARKET,PUENTE ALTO,NO,NO
835,104294,ACCARDI,ÑUÑOA,NO,SI
836,104307,KIOSCO,ESTACION CENTRAL,NO,NO
837,104308,TELISIA,PEÑALOLEN,NO,SI
838,104314,MI NONI,RENCA,NO,SI
839,104317,SAN MAURICIO,LO BARNECHEA,NO,NO
840,104328,DAINITA MASCOTAS,LAS CONDES,NO,SI
841,104453,KIOSCO LA QUEBRADA,LO ESPEJO,NO,NO
842,104473,LAS DELICIAS DE SUS MASCOTAS,SAN BERNARDO,NO,NO
843,104487,PAOLITA,MAIPU,NO,NO
844,104492,ELISABETH URZUA,RECOLETA,NO,SI
845,104494,ANDREITA,PEÑALOLEN,NO,SI
846,104502,DONDE LA FRAN,LA FLORIDA,NO,SI
847,104504,LP INTERNET,RENCA,NO,SI
848,104505,LOS AROMOS,PEÑALOLEN,NO,NO
849,104506,RULOS,LA GRANJA,NO,SI
850,104511,JUANA URRUTIA,QUILICURA,NO,NO
851,104525,LA NANA,PEDRO AGUIRRE CERDA,NO,NO
852,104527,JOSE,EL BOSQUE,NO,NO
853,104532,JUAN VILLAGRA,QUILICURA,NO,SI
854,104536,DONDE LA TIA EMILIANA,PEDRO AGUIRRE CERDA,NO,SI
855,104589,BELEN,MAIPU,NO,NO
856,104770,RICARDO MELLA,LA PINTANA,NO,SI
857,104785,LOS AMANTES,SANTIAGO,NO,NO
858,104790,CHAVEZ,QUILICURA,NO,SI
859,104795,CHUMA,LA REINA,NO,NO
860,104796,JANY,PUENTE ALTO,NO,SI
861,104797,KATU Y PALY,PUENTE ALTO,NO,NO
862,104798,FREEDOM EL GRAN BAZAR,SANTIAGO,NO,SI
863,104815,EL SHURDITO,PUENTE ALTO,NO,NO
864,104835,IRLANDA,HUECHURABA,NO,NO
865,104905,ALMACEN ALICIA CALDERON,SAN JOAQUIN,NO,NO
866,104913,DON PRIMO,QUILICURA,NO,NO
867,104923,VALENTINA,HUECHURABA,NO,NO
868,104966,NANA,PEÑALOLEN,NO,SI
869,104982,GAVIOTA,CERRO NAVIA,NO,SI
870,104993,DONDE LA ANDREA,RENCA,NO,NO
871,104995,LEONOR,LA FLORIDA,NO,NO
872,104996,TRIUNFO II,ESTACION CENTRAL,NO,SI
873,105006,LEON MOYON,SAN RAMON,NO,SI
874,105007,VIVIANA,MACUL,NO,NO
875,105014,KIOSCO,SAN BERNARDO,NO,SI
876,105021,CARLOS MOYA,PUENTE ALTO,NO,NO
877,105022,MATIAS Y CARLOS,LA PINTANA,NO,SI
878,105025,CSOTO,SAN JOAQUIN,NO,NO
879,105026,RENACER,CERRO NAVIA,NO,SI
880,105173,SHARLOM,MAIPU,NO,NO
881,105200,REMI,CERRO NAVIA,NO,SI
882,105222,SARDICH IN FAMILY,LA CISTERNA,NO,SI
883,105231,PALOMITA,PROVIDENCIA,NO,NO
884,105237,ELECTRIC HOME,LA PINTANA,NO,NO
885,105271,DONDE NACHITO,LA FLORIDA,NO,NO
886,105275,LA ESKINA DE LA OFERTA,QUINTA NORMAL,NO,NO
887,105277,FLOR DORADA,SANTIAGO,NO,NO
888,105278,ALMACEN DAYANITA I,PEÑALOLEN,NO,SI
889,105279,ALMACEN MONICA,SANTIAGO,NO,NO
890,105280,EL MONO,MAIPU,NO,SI
891,105281,BAZAR GABY,PEÑALOLEN,NO,NO
892,105283,LA ESTRELLA,LA FLORIDA,NO,NO
893,105303,LA FAMILIA,PUDAHUEL,NO,NO
894,105305,RUBENCIAO,LA PINTANA,NO,NO
895,105373,MARY,RECOLETA,NO,NO
896,105397,DANA,SAN JOAQUIN,NO,NO
897,105411,MINIMARKET ANGELICA,ÑUÑOA,NO,NO
898,105449,JOVY,QUILICURA,NO,NO
899,105456,LOS TRES HERMANOS,SANTIAGO,NO,SI
900,105488,MINIMARKET HNOS. BASILIO,ESTACION CENTRAL,NO,SI
901,105490,MARTHITA,PROVIDENCIA,NO,SI
902,105491,KIOSKO AMIGO,SANTIAGO,NO,NO
903,105494,ORLANDO ROJAS CRUZADO,PUDAHUEL,NO,SI
904,105498,DISPENSA MARINA,PUENTE ALTO,NO,SI
905,105526,ROCI,LA FLORIDA,NO,SI
906,105529,CATALINA CRUZ PEÑALOZA,ÑUÑOA,NO,NO
907,105533,MINIMARKET,SANTIAGO,NO,NO
908,105535,FANNY BACILIO,MAIPU,NO,NO
909,105537,CLAUDIA ESPINOZA,LA PINTANA,NO,NO
910,105584,LA CHANITA,LO PRADO,NO,SI
911,105602,CARMEN RITA ACEVEDO ALMENDRA,PEÑALOLEN,NO,SI
912,105628,EL MOMO,RENCA,NO,SI
913,105630,HILDA MARGARITA BURGOS FONSECA,LA FLORIDA,NO,SI
914,105639,NENITA,LA FLORIDA,NO,NO
915,105640,CARLOS SEPULVEDA VALENZUELA,MACUL,NO,SI
916,105642,BIG 7,HUECHURABA,NO,SI
917,105654,DON JORGE,PUENTE ALTO,NO,SI
918,105662,MONO PANDA,CERRO NAVIA,NO,SI
919,105699,ALMACEN Y MINIMARKET,PUDAHUEL,NO,NO
920,105709,FELIPE,PUENTE ALTO,NO,NO
921,105865,TIA FABI,RENCA,NO,NO
922,105866,ISIDORA Y JEAN,PUENTE ALTO,NO,SI
923,105871,EXITO,ESTACION CENTRAL,NO,NO
924,105880,EN REPAL,LO PRADO,NO,SI
925,105893,EL CURICANO,CERRO NAVIA,NO,NO
926,105912,LOS TRES,PROVIDENCIA,NO,SI
927,105935,ALCIPAU ELECTRONICA Y COMPUTACION,LAS CONDES,NO,NO
928,105942,SOCIEDAD COMERCIAL ALEXZA LTDA.,QUILICURA,NO,SI
929,105986,LAS CHIQUILLAS,QUILICURA,NO,SI
930,105988,EL BOCA SECA,PEÑALOLEN,NO,SI
931,106032,KATY,SAN BERNARDO,NO,SI
932,106036,ANDRES,SAN BERNARDO,NO,SI
933,106037,ALMACEN Y BAZAR ADONAI,CONCHALI,NO,NO
934,106047,COCO LISO,PUENTE ALTO,NO,NO
935,106053,EL ARRAYAN,QUINTA NORMAL,NO,NO
936,106090,J Y D,SANTIAGO,NO,SI
937,106127,COMERCIAL ALCIBIADES,QUILICURA,NO,NO
938,106152,MARIA ELENA,MACUL,NO,SI
939,106155,DONDE EL RICHY,CONCHALI,NO,NO
940,106157,NAILA CORVALAN,LAS CONDES,NO,NO
941,106217,KIOSCO ANDRES,CERRO NAVIA,NO,NO
942,106221,MARANATHA,LAS CONDES,NO,NO
943,106235,LOS GEMELOS,SAN BERNARDO,NO,NO
944,106244,LA NANA,MAIPU,NO,SI
945,106288,SOCIEDAD FARMACEUTICA LTDA.,ESTACION CENTRAL,NO,SI
946,106301,ELECTRONICA APC,QUINTA NORMAL,NO,NO
947,106324,MINIMARKET ROXANITA,CERRO NAVIA,NO,SI
948,106326,COTTE,PROVIDENCIA,NO,SI
949,106330,POLLA,SANTIAGO,NO,SI
950,106332,POLLA COMPANIA 1001,LA REINA,NO,SI
951,106336,BAZAR SANDYMIL,ESTACION CENTRAL,NO,SI
952,106339,MI KAYA,PEÑALOLEN,NO,NO
953,106345,TOLYS MARKET,CERRO NAVIA,NO,NO
954,106364,ROLANDO GAMARRA,CERRO NAVIA,NO,SI
955,106366,NATALIA PEREZ,LA GRANJA,NO,SI
956,106388,MICHEA,SAN RAMON,NO,SI
957,106407,ASAEL PASCAL,CERRO NAVIA,NO,NO
958,106413,ALE Y HERMANOS,LO PRADO,NO,NO
959,106424,VIRGENCITA DE CHAPI,CERRO NAVIA,NO,SI
960,106429,FLOR ELIANA,PUDAHUEL,NO,NO
961,106489,ROLANDO GAMARRA,CERRO NAVIA,NO,NO
962,106505,LOS CENTENOS IRL,LA GRANJA,NO,NO
963,106541,LA HERRADURA,RENCA,NO,NO
964,106546,DIEGUITO,MAIPU,NO,SI
965,106561,COMERCIAL ENTRETENIMIENTOS SMR SPA,CONCHALI,NO,NO
966,106562,COMERCIAL ENTRETENIMIENTOS SMR SPA,LO PRADO,NO,SI
967,106563,S&M LA VENTANA,CERRO NAVIA,NO,NO
968,106564,F & D,RENCA,NO,SI
969,106590,LA MARRAQUETA,ESTACION CENTRAL,NO,SI
970,106639,WILNER DEJOUR,ESTACION CENTRAL,NO,NO
971,106665,LA ESPIGA,CERRILLOS,NO,NO
972,106674,DON RAUL,PUDAHUEL,NO,SI
973,106678,DIEGO & CAROL,HUECHURABA,NO,SI
974,106681,BAZAR PAQUETERIA MAGGY,LA FLORIDA,NO,NO
975,106686,BCB,QUILICURA,NO,SI
976,106687,SENAT THE BASH,PUDAHUEL,NO,NO
977,106691,INVERSIONES SOLARI Y COMPAÑIA LTDA.,CERRO NAVIA,NO,NO
978,106695,JESSICA LORETO MELLA CARMONA,CERRO NAVIA,NO,NO
979,106696,BAZAR AGUSTINA,PEÑALOLEN,NO,SI
980,106699,LOS VIÑEDOS,LA FLORIDA,NO,NO
981,106700,LOS VIÑEDOS,MAIPU,NO,SI
982,106827,TERESA,RENCA,NO,NO
983,106890,JUAN CARLOS ROJAS SOTO,INDEPENDENCIA,NO,SI
984,106909,MIMBRES JACQUELINE,SANTIAGO,NO,NO
985,106912,NUEVA ESPERANZA,CONCHALI,NO,SI
986,106918,MAXICIBER,LAS CONDES,NO,SI
987,106931,SHAWARMAN,PROVIDENCIA,NO,NO
988,106938,GRAN DOBLETE,SANTIAGO,NO,SI
989,106940,VIRGEN DE LA PUERTA,CERRO NAVIA,NO,SI
990,106946,LA ESQUINA,RENCA,NO,SI
991,107005,EDUARDO,PEDRO AGUIRRE CERDA,NO,NO
992,107012,PAULETTE ESTEFANIA DEL CANTO BAEZA,ÑUÑOA,NO,SI
993,107110,KIOSKO,ÑUÑOA,NO,SI
994,107114,FRUTERIA,CONCHALI,NO,SI
995,107131,RUTH,MAIPU,NO,NO
996,107199,MINIMARKET LILY,SAN BERNARDO,NO,NO
997,107227,CLARITA,SAN BERNARDO,NO,NO
998,107230,LA ESQUINA,MAIPU,NO,SI
999,107255,MI TATA,SAN BERNARDO,NO,NO
1000,107256,EL PINO,QUILICURA,NO,SI
1001,107274,ALMACEN LOURDES,SANTIAGO,NO,SI
1002,107278,HERMANOS BASILIO,QUILICURA,NO,SI
1003,107279,CRISTO VIENE,QUINTA NORMAL,NO,NO
1004,107280,LA PATRONCITA,INDEPENDENCIA,NO,SI
1005,107289,DOÑA FELA,QUILICURA,NO,NO
1006,107291,VALERIA,MAIPU,NO,NO
1007,107292,DONDE LA CHOLA,PUDAHUEL,NO,SI
1008,107294,RICHARD,LA REINA,NO,SI
1009,107301,MINIMARKET,SANTIAGO,NO,NO
1010,107304,HNOS. BASILIO,MAIPU,NO,SI
1011,107327,FARMACIAS MEVIC,SANTIAGO,NO,NO
1012,107396,PARCERITO,MAIPU,NO,SI
1013,107400,DETALLITOS,PEDRO AGUIRRE CERDA,NO,SI
1014,107409,ARCAS,RENCA,NO,NO
1015,107467,BEBA,LAS CONDES,NO,NO
1016,107535,TIENDA UPA!-SHELL (F.413),CERRO NAVIA,NO,NO
1017,107557,GAMBITA,LA FLORIDA,NO,NO
1018,107578,MINIMARKET MIRADOR,SANTIAGO,NO,SI
1019,107591,LETICIA FABIAN ,LO ESPEJO,NO,NO
1020,107760,CHUNDO,PEÑALOLEN,NO,SI
1021,107824,LAUCHITA,RECOLETA,NO,SI
1022,107894,ALMACEN,CONCHALI,NO,SI
1023,107895,ALMACEN ROOD,MAIPU,NO,NO
1024,107910,XAVIER MARKET,ESTACION CENTRAL,NO,SI
1025,107915,ALMACEN LA VENTANA,SAN RAMON,NO,NO
1026,107920,JUAN SEBASTIAN DIAZ PUGLISEVICH,LA REINA,NO,SI
1027,107976,FARMACIA REX,MAIPU,NO,SI
1028,107982,PEPE LUIS,PEDRO AGUIRRE CERDA,NO,SI
1029,107983,ROXANA MARILYN MENDEZ SILVA,PEDRO AGUIRRE CERDA,NO,NO
1030,107988,FANIUS FILS AIME,QUINTA NORMAL,NO,SI
1031,108208,SIEMPRE LISTO,VITACURA,NO,SI
1032,108299,OXXO - FRANCISCO DE AGUIRRE (S.25),PROVIDENCIA,NO,NO
1033,108301,OXXO - PEDRO DE VALDIVIA 3 (S.102),PEÑALOLEN,NO,NO
1034,108307,DELI,PEDRO AGUIRRE CERDA,NO,NO
1035,108385,CRISTOBAL,PEÑALOLEN,NO,NO
1036,108415,REGALONES,CONCHALI,NO,NO
1037,108418,SAN JOSE,LAS CONDES,NO,SI
1038,108496,OXXO - ALCANTARA 2 (S.50),PROVIDENCIA,NO,SI
1039,108501,OXXO - ANTONIO BELLET (S.135),LAS CONDES,NO,NO
1040,108504,OXXO - APOQUINDO 1 (S.4),LAS CONDES,NO,SI
1041,108505,OXXO - APOQUINDO 2 (S.30),LAS CONDES,NO,NO
1042,108506,OXXO - APOQUINDO 4 (S.43),LAS CONDES,NO,SI
1043,108509,OXXO - APOQUINDO 6 (S.64),LAS CONDES,NO,NO
1044,108511,OXXO - APOQUINDO 7 (S.67),LAS CONDES,NO,NO
1045,108512,OXXO - APOQUINDO - SAN PASCUAL (S.112),LAS CONDES,NO,SI
1046,108513,OXXO - BALMORAL - ALONSO DE CORDOVA (S.127),SANTIAGO,NO,NO
1047,108514,OXXO - BANDERA (S.16),LAS CONDES,NO,SI
1048,108534,OXXO - CAMINO EL ALBA (S.63),LAS CONDES,NO,SI
1049,108536,OXXO - COLON 1 (S.31),LAS CONDES,NO,SI
1050,108537,OXXO - COLON 2 (S.60),LAS CONDES,NO,NO
1051,108538,OXXO - COLON - PONTEVEDRA (S.120),LAS CONDES,NO,SI
1052,108539,OXXO - EBRO (S.3),SANTIAGO,NO,NO
1053,108540,OXXO - EJERCITO - ALAMEDA (S.123),LAS CONDES,NO,SI
1054,108542,OXXO - EL BOSQUE NORTE (S.52),LAS CONDES,NO,SI
1055,108543,OXXO - EL GOLF (S.18),ÑUÑOA,NO,NO
1056,108544,OXXO - EMILIA TELLEZ (S.23),PROVIDENCIA,NO,SI
1057,108546,OXXO - GUARDIA VIEJA (S.35),ÑUÑOA,NO,SI
1058,108548,OXXO - SIMON BOLIVAR - HAMBURGO (S.113),PROVIDENCIA,NO,SI
1059,108549,OXXO - HOLANDA - PIO X (S.146),HUECHURABA,NO,NO
1060,108550,OXXO - HUECHURABA (S.20),LAS CONDES,NO,SI
1061,108551,OXXO - ISIDORA (S.14),PROVIDENCIA,NO,NO
1062,108553,OXXO - LA CONCEPCION (S.29),LAS CONDES,NO,NO
1063,108555,OXXO - LA PLAZA (S.116),LAS CONDES,NO,NO
1064,108557,OXXO - LOS MILITARES (S.33),LO BARNECHEA,NO,NO
1065,108560,OXXO - LOS TRAPENSES (S.101),VITACURA,NO,SI
1066,108577,OXXO - LUIS PASTEUR (S.46),PROVIDENCIA,NO,NO
1067,108578,OXXO - LUIS THAYER OJEDA (S.34),PROVIDENCIA,NO,SI
1068,108579,OXXO - LYON 1 (S.2),PROVIDENCIA,NO,NO
1069,108581,OXXO - LYON 3 (S.45),LA REINA,NO,NO
1070,108582,OXXO - MALL PLAZA EGAÑA (S.148),PROVIDENCIA,NO,SI
1071,108586,OXXO - MANUEL MONTT 1 (S.70),PROVIDENCIA,NO,SI
1072,108587,OXXO - BILBAO - MONTT (S.103),PROVIDENCIA,NO,NO
1073,108588,OXXO - MARCHANT PEREIRA (S.66),LAS CONDES,NO,SI
1074,108598,OXXO - NAPOLEON (S.15),LAS CONDES,NO,SI
1075,108599,OXXO - NORUEGA (S.40),PROVIDENCIA,NO,NO
1076,108600,OXXO - PADRE MARIANO (S.61),ÑUÑOA,NO,SI
1077,108601,OXXO - PEDRO DE VALDIVIA 2 (S.59),VITACURA,NO,NO
1078,108602,OXXO - PIO XI (S.118),LAS CONDES,NO,SI
1079,108603,OXXO - PLAZA DE ASIS (S.136),PROVIDENCIA,NO,NO
1080,108605,OXXO - PROVIDENCIA 1 (S.27),LAS CONDES,NO,NO
1081,108607,OXXO - SAN DAMIAN (S.56),VITACURA,NO,NO
1082,108608,OXXO - SAN FRANCISCO (S.137),SANTIAGO,NO,SI
1083,108609,OXXO - SAN PABLO - MORANDE (S.119),ÑUÑOA,NO,NO
1084,108610,OXXO - SIMON BOLIVAR (S.22),SANTIAGO,NO,SI
1085,108630,OXXO - ARTURO PRAT - ELEUTERIO (S.115),QUILICURA,NO,SI
1086,108649,MAKENDY,SAN BERNARDO,NO,NO
1087,108720,DONDE EL LALO,LAS CONDES,NO,SI
1088,108756,TIENDA UPA!-SHELL (F.417),LA PINTANA,NO,SI
1089,108776,DON PEDRO,ESTACION CENTRAL,NO,SI
1090,108815,ALMACEN SALMO 23,LA PINTANA,NO,NO
1091,108837,NICOLE,EL BOSQUE,NO,NO
1092,109067,LA MACARENA,RECOLETA,NO,NO
1093,109125,ALMACEN LOS MORENOS,SANTIAGO,NO,NO
1094,109168,NICOLAS,ÑUÑOA,NO,SI
1095,109244,ELBA LILIANA RAMIREZ CARRILLO,CERRILLOS,NO,SI
1096,109247,MAMI MARIA,INDEPENDENCIA,NO,NO
1097,109262,MINIMARKET ALIMENTOS,LA CISTERNA,NO,SI
1098,109263,POKI SPA,RECOLETA,NO,NO
1099,109267,JHOSHELYNE GONZALEZ,SAN BERNARDO,NO,NO
1100,109300,JUAN FRANCISCO ORTIZ,LA FLORIDA,NO,SI
1101,109377,OXXO - MALL PLAZA VESPUCIO (S.26),PUDAHUEL,NO,NO
1102,109435,MINIMARKET PEREYRA ,CONCHALI,NO,NO
1103,109452,BAZAR JECHU,PUDAHUEL,NO,SI
1104,109529,YAYU,MAIPU,NO,NO
1105,109531,SEBASTIAN,SANTIAGO,NO,NO
1106,109536,OXXO - HUERFANOS - SANTIAGO (S.6),SANTIAGO,NO,SI
1107,109573,BENJAMIN ISAIAS ALMACEN,RENCA,NO,NO
1108,109579,EBEN-EZER,PUDAHUEL,NO,NO
1109,109591,ALMACEN GETSEMANI,CONCHALI,NO,NO
1110,109606,EL JOACO,CERRO NAVIA,NO,SI
1111,109661,DONDE FRANCO,EL BOSQUE,NO,NO
1112,109698,BAZAR FRANCESCA,MAIPU,NO,SI
1113,109747,LA ESTRELLA,HUECHURABA,NO,NO
1114,109850,JOHANNA,RECOLETA,NO,SI
1115,109877,NATALVA,SAN JOAQUIN,NO,NO
1116,109940,AURORA & MARIO,LO PRADO,NO,SI
1117,109952,FLORES HERMANOS,PEÑALOLEN,NO,SI
1118,109954,EL CHOCHO,LA PINTANA,NO,SI
1119,109956,EL COTELO,CERRO NAVIA,NO,SI
1120,109957,GUIVICENRI,ÑUÑOA,NO,NO
1121,109959,ELENA EUGENIA QUIROGA MANZUR,HUECHURABA,NO,NO
1122,109960,VOLCAN CHILE SPA,MAIPU,NO,SI
1123,109961,LA VEGUITA,PUENTE ALTO,NO,NO
1124,109965,MINIMARKET OHANA,RECOLETA,NO,NO
1125,109966,CRIS Y MELANIE,PUDAHUEL,NO,SI
1126,109975,ALMACEN DARIO ANTONIO ARDILLA MARIN E.I.R.L,LO ESPEJO,NO,NO
1127,109976,ANDREW MARKET,LO PRADO,NO,SI
1128,109981,LEONEL,ESTACION CENTRAL,NO,NO
1129,110019,MARIANO,LO ESPEJO,NO,NO
1130,110021,LA VENTANITA,SANTIAGO,NO,NO
1131,110036,MINIMARKET EIBER TRIAGO,SAN MIGUEL,NO,SI
1132,110038,ORINOCO LTDA,SANTIAGO,NO,SI
1133,110048,OXXO - MIGUEL DE OLIVARES (S.94),CONCHALI,NO,SI
1134,110153,ANITA,CONCHALI,NO,NO
1135,110183,ALFONSO  SIGUENZA ,QUINTA NORMAL,NO,NO
1136,110188,ALFONSO SIGUENZA,SAN BERNARDO,NO,SI
1137,110275,TERESITA,PROVIDENCIA,NO,NO
1138,110309,KIOSCO,ÑUÑOA,NO,NO
1139,110330,MINIMARKET EL VECINO,EL BOSQUE,NO,SI
1140,110345,LOS MAQUIS,LO BARNECHEA,NO,NO
1141,110379,LA PUNTITA DEL CERRO,LAS CONDES,NO,NO
1142,110386,LOS HUACHI,PEÑALOLEN,NO,SI
1143,110387,CATITA,ÑUÑOA,NO,NO
1144,110388,MUNDO MARKET,PUDAHUEL,NO,SI
1145,110395,LA CHOLITA,CERRILLOS,NO,NO
1146,110399,LA VECINA,LA GRANJA,NO,NO
1147,110414,LA CHINITA,PUENTE ALTO,NO,SI
1148,110444,EL AMANECER PAULIS,PUDAHUEL,NO,SI
1149,110456,LA VECINA,MAIPU,NO,SI
1150,110509,EL BARATITO,QUINTA NORMAL,NO,NO
1151,110510,JCRV,PUENTE ALTO,NO,SI
1152,110532,KIOSCO,CERRO NAVIA,NO,SI
1153,110542,ABEL DEL TRANSITO VISCAY,SANTIAGO,NO,SI
1154,110543,NCS NATURAL CARE,MACUL,NO,NO
1155,110666,ALMACEN CARMEN LORETO CASTRO BILBAO,ESTACION CENTRAL,NO,SI
1156,110686,OXXO - ECUADOR / PURISIMA (S.96),SANTIAGO,NO,SI
1157,110709,PUNTO DE ENCUENTRO,MAIPU,NO,NO
1158,110716,LA FAMILIA,QUILICURA,NO,SI
1159,110770,PERSEVERANCIA,LA PINTANA,NO,SI
1160,110826,MDC,LA PINTANA,NO,SI
1161,110836,BASMAT,SAN BERNARDO,NO,SI
1162,110893,KAYOTITO,HUECHURABA,NO,NO
1163,110896,LOS 3 HINCHAS,EL BOSQUE,NO,SI
1164,110918,LA NEGRA,LO BARNECHEA,NO,SI
1165,110931,TIENDA UPA!-SHELL (F.986),PEÑALOLEN,NO,NO
1166,110933,MI MARKET,PROVIDENCIA,NO,NO
1167,110959,MANCHITAS,LA FLORIDA,NO,NO
1168,110989,BRENDA,QUINTA NORMAL,NO,NO
1169,111054,EL PUNTO DE TU BELLEZA,ESTACION CENTRAL,NO,SI
1170,111259,NEGRITA,SANTIAGO,NO,NO
1171,111276,OXXO - SANTA VICTORIA (S.98),SAN JOAQUIN,NO,SI
1172,111282,EL ESTRIBO,SAN BERNARDO,NO,SI
1173,111298,M Y M,SAN MIGUEL,NO,SI
1174,111311,LA 4TA MARKET,MAIPU,NO,NO
1175,111326,DE HUEVOS Y GOURMET,RENCA,NO,SI
1176,111328,LOS PILLUELOS,LA PINTANA,NO,SI
1177,111336,DONDE ROSITA,MAIPU,NO,SI
1178,111356,LA NEGRITA,PUDAHUEL,NO,SI
1179,111382,NOVIMARKET,CERRO NAVIA,NO,SI
1180,111396,LEO,PEÑALOLEN,NO,SI
1181,111410,LORENA,CONCHALI,NO,SI
1182,111464,DON PEPE,CONCHALI,NO,SI
1183,111466,COMERCIAL VEGA,QUILICURA,NO,SI
1184,111551,BAZAR LUARA,SAN MIGUEL,NO,NO
1185,111560,EL CARMEN,MAIPU,NO,SI
1186,111593,DONDE LA ROSITA,LA GRANJA,NO,NO
1187,111696,LA FAMILIA,LA FLORIDA,NO,SI
1188,111704,MINIMARKET LUCAS,LA FLORIDA,NO,SI
1189,111719,KIOSCO,HUECHURABA,NO,NO
1190,111762,TIENDA UPA!-SHELL (F.149),RENCA,NO,SI
1191,111794,ESTE BOOM,SAN BERNARDO,NO,SI
1192,111799,DONDE EL LUCHO,LA PINTANA,NO,NO
1193,111828,ANA SOFIA,QUINTA NORMAL,NO,SI
1194,111837,THANI MARKET,MAIPU,NO,NO
1195,111887,MINIMARKET EL TREBOL,LAS CONDES,NO,NO
1196,111896,MINIMARKET LA OTRA ESQUINA,RENCA,NO,SI
1197,111959,LOLITA,CONCHALI,NO,NO
1198,112004,EL VALLE,PUDAHUEL,NO,SI
1199,112039,ANGELICA DE LAS MERCEDES PEREZ FLORES,LAS CONDES,NO,NO
1200,112045,OPEN 21 BLACK MINIMARKET,MAIPU,NO,NO
1201,112076,EL PASILLO,SANTIAGO,NO,SI
1202,112175,OXXO - SAN DIEGO - COQUIMBO (S.86),SANTIAGO,NO,NO
1203,112176,OXXO - AGUSTINAS - SAN MARTIN (S.89),SANTIAGO,NO,SI
1204,112181,OXXO - ELEUTERIO RAMIREZ (S.79),PEDRO AGUIRRE CERDA,NO,NO
1205,112188,JUANITO,MACUL,NO,SI
1206,112195,MINIMARKET MIRTA MORALES E.I.R.L,SANTIAGO,NO,NO
1207,112214,COMERCIAL LUJONI,SANTIAGO,NO,SI
1208,112295,VIRGEN DE LA PUERTA,INDEPENDENCIA,NO,NO
1209,112325,FUSE LTDA.,SANTIAGO,NO,NO
1210,112334,CIBER ARIANET,PEÑALOLEN,NO,SI
1211,112339,ABARROTES TERE,PUDAHUEL,NO,NO
1212,112369,YESELIA IRMA ROJAS AGUILAR,HUECHURABA,NO,NO
1213,112415,SANDRA TAPIA,SANTIAGO,NO,NO
1214,112486,OXXO - SANTA ROSA - PORVENIR (S.36),PEDRO AGUIRRE CERDA,NO,SI
1215,112513,TOTI,CONCHALI,NO,NO
1216,112597,GEMINIS,LA FLORIDA,NO,NO
1217,112616,JEM,PEÑALOLEN,NO,SI
1218,112618,MINIMARKET GRACIAS A TI,PEÑALOLEN,NO,SI
1219,112666,DONDE LA MONICA,LA CISTERNA,NO,SI
1220,112715,EMANUEL,MAIPU,NO,NO
1221,112775,JEBRAN,QUILICURA,NO,NO
1222,112785,ANITA,LA PINTANA,NO,NO
1223,112821,CLAUDIO ELESTOR SEPULVEDA GOMEZ,CONCHALI,NO,NO
1224,112872,YOLANDA Y MAÑUNGO,SAN RAMON,NO,SI
1225,112903,ALMACEN JOCELYN,PUENTE ALTO,NO,NO
1226,112907,BAZAR FLORENCIA,EL BOSQUE,NO,NO
1227,112955,RYAN,EL BOSQUE,NO,NO
1228,112978,LA PEQUEÑA ALELI,PUENTE ALTO,NO,SI
1229,112986,KELLY,ÑUÑOA,NO,SI
1230,113007,MINIMARKET NAPOLE,CERRILLOS,NO,NO
1231,113020,MINIMARKET,EL BOSQUE,NO,SI
1232,113024,LOS MELLIZOS,RECOLETA,NO,SI
1233,113029,ZONA TABACO,PROVIDENCIA,NO,NO
1234,113030,COMERCIAL BE HAPPY,PUENTE ALTO,NO,SI
1235,113031,COMERCIAL BE HAPPY,SANTIAGO,NO,NO
1236,113033,CONSTANTINE,PUENTE ALTO,NO,NO
1237,113038,BAZAR BASCRIDI,RENCA,NO,SI
1238,113040,EL CHUNDITO,SAN RAMON,NO,SI
1239,113075,GINA,LA GRANJA,NO,NO
1240,113116,REAL J,PUDAHUEL,NO,SI
1241,113124,PECHI,SAN BERNARDO,NO,SI
1242,113158,MINI CIBER,LO BARNECHEA,NO,SI
1243,113164,TIENDA UPA!-SHELL (F.122),PUENTE ALTO,NO,SI
1244,113181,CIBER DE MEXICO,SAN MIGUEL,NO,NO
1245,113182,OXXO - SEGUNDA AVENIDA (S.87),PUDAHUEL,NO,SI
1246,113191,TABAQUERIA,SANTIAGO,NO,NO
1247,113195,SANTA ROSA,SANTIAGO,NO,NO
1248,113205,DONDE LOS CHAMOS,LO PRADO,NO,NO
1249,113246,RENACER,ESTACION CENTRAL,NO,SI
1250,113271,TOTA,RECOLETA,NO,NO
1251,113286,VENTA DE ARTICULOS CUMPLEAÑOS,CERRO NAVIA,NO,SI
1252,113344,XAYNA,SANTIAGO,NO,SI
1253,113348,OXXO - SANTA ANA-COMPAÑIA (S.40),LO BARNECHEA,NO,SI
1254,113350,TIENDA UPA!-SHELL (F.123),LA FLORIDA,NO,SI
1255,113361,ALMACEN MARIELA,PUENTE ALTO,NO,NO
1256,113402,MINIMARKET DONDE LA LILI,LA GRANJA,NO,SI
1257,113414,MINIMARKET DON HERALDO,EL BOSQUE,NO,SI
1258,113450,ALMACEN LEONARDO,SANTIAGO,NO,SI
1259,113528,MANUEL JESUS NOVOA VARGAS,LA GRANJA,NO,SI
1260,113542,PANADERIA,LAS CONDES,NO,SI
1261,113552,OXXO - APOQUINDO - SANTA MAGDALENA (S.158),LA GRANJA,NO,SI
1262,113567,ALMACEN FABY,RECOLETA,NO,NO
1263,113622,SEÑOR DE LOS MILAGROS,QUILICURA,NO,SI
1264,113638,ELY,LAS CONDES,NO,SI
1265,113655,OXXO - ROSARIO NORTE (S.159),RENCA,NO,NO
1266,113662,BENBEL & CAR LTDA.,PEÑALOLEN,NO,SI
1267,113666,PAOLA CASTRO CASTILLO,MAIPU,NO,SI
1268,113682,ALMACEN DON ANIBAL,MAIPU,NO,SI
1269,113691,LA CATALANA,HUECHURABA,NO,NO
1270,113694,TIENDA UPA!-SHELL (F.518),MAIPU,NO,SI
1271,113759,BAZAR DOÑA OLGA,PEDRO AGUIRRE CERDA,NO,NO
1272,113780,CENTRO DE LOTERIA AL PASO,LA FLORIDA,NO,SI
1273,113805,DHELY MARKET,PUENTE ALTO,NO,NO
1274,113822,INVERSIONES ABUDA SPA,QUILICURA,NO,SI
1275,113851,ALMACEN LA NANY,MAIPU,NO,NO
1276,113870,KIM BRUNEDOUX,ESTACION CENTRAL,NO,SI
1277,113872,SEÑORA PATY,PUENTE ALTO,NO,SI
1278,113885,ALMACEN YVE,SAN BERNARDO,NO,NO
1279,113889,ALMACEN SAN JORGE,PUENTE ALTO,NO,NO
1280,113897,MAGALUZ,MAIPU,NO,NO
1281,113898,ALMACEN LA MAYITO,LA FLORIDA,NO,SI
1282,113901,LAS MORITAS,MACUL,NO,NO
1283,113917,INVERSIONES JIMA SPA.,QUILICURA,NO,NO
1284,113929,MINIMARKET Y BAZAR LA BAKERIA SPA,RENCA,NO,NO
1285,113934,ELECTRONICA MIRAFLORES,LA FLORIDA,NO,SI
1286,113937,ALMACEN EMILIA,CERRO NAVIA,NO,NO
1287,113938,ALMACEN SUPER CALINGO,SAN MIGUEL,NO,SI
1288,113948,MINIMARKET JULIAN,RECOLETA,NO,SI
1289,113955,TABAQUERIA 901,MAIPU,NO,NO
1290,113965,LIBRERIA AFRODITA,RECOLETA,NO,NO
1291,113967,MILOT MARDY,RENCA,NO,NO
1292,113979,BAZAR EL TIAN,LA FLORIDA,NO,NO
1293,114004,BOTILLERIA Y TU HERMANA,SANTIAGO,NO,SI
1294,114007,LA FAMILIA,ÑUÑOA,NO,NO
1295,114010,MARKET PLAZA ÑUÑOA,RECOLETA,NO,SI
1296,114024,ALMACEN E,PUENTE ALTO,NO,SI
1297,114027,ALMACEN TRINIDAD,CONCHALI,NO,NO
1298,114086,ALMACEN EL VECINO,CONCHALI,NO,SI
1299,114088,CARNICERIAS GIBBS 2,MAIPU,NO,SI
1300,114105,ALMACEN DANIELA,MAIPU,NO,NO
1301,114106,ALMACEN NANI,LA CISTERNA,NO,SI
1302,114112,FARMACIA RORAIMA SPA,CERRO NAVIA,NO,SI
1303,114152,MINIMARKET KARIME,MAIPU,NO,SI
1304,114189,BAZAR VICTORIA,QUINTA NORMAL,NO,NO
1305,114190,AMANSAMDERIA PANPE,SAN RAMON,NO,SI
1306,114192,LA NENITA,PUENTE ALTO,NO,SI
1307,114197,CENTRO DE LLAMADOS GENESIS,PUENTE ALTO,NO,NO
1308,114201,ALMACEN M Y M,LA GRANJA,NO,NO
1309,114202,ALMACEN LOS REDIMIDOS,QUILICURA,NO,SI
1310,114226,BAZAR JU BE,QUINTA NORMAL,NO,SI
1311,114236,ALMACEN JEAN LOUIS JOSEPH,SAN BERNARDO,NO,SI
1312,114241,ALMACEN DONDE LA NADIA,QUILICURA,NO,NO
1313,114278,LOS VASQUEZ,LA FLORIDA,NO,SI
1314,114299,ALMACEN PUCON,PEÑALOLEN,NO,NO
1315,114309,ALMACEN SALINAS JUSTO AQUI,LA FLORIDA,NO,NO
1316,114365,BICHITOS,QUILICURA,NO,NO
1317,114370,MARIA GARRIDO BARNES,SAN JOAQUIN,NO,SI
1318,114376,BAZAR JOSE MONIN,CERRILLOS,NO,SI
1319,114389,CAMIFER,LA PINTANA,NO,NO
1320,114409,BOTILLERIA ORUCHA,QUILICURA,NO,NO
1321,114440,EBENEZER,QUINTA NORMAL,NO,SI
1322,114462,TEKNIVISION,QUILICURA,NO,SI
1323,114468,SANDRA MARCELA MOLINA MARTINEZ,LA FLORIDA,NO,SI
1324,114507,BAZAR MARY,LA FLORIDA,NO,NO
1325,114565,PANURAS,RECOLETA,NO,NO
1326,114566,MIS AMORES,MAIPU,NO,SI
1327,114575,CAMY,MAIPU,NO,NO
1328,114577,MINIMARKET LOS CUBITOS,SANTIAGO,NO,NO
1329,114581,COMERCIALIZADORA XAUSE LIMITADA,SAN JOAQUIN,NO,NO
1330,114591,MYC,LA CISTERNA,NO,NO
1331,114592,ESTER DEL CARMEN CASTILLO ALVAREZ,CERRILLOS,NO,SI
1332,114595,RODRIGO,QUILICURA,NO,NO
1333,114598,JORGE,LA REINA,NO,SI
1334,114607,PUNTO FIJO,PEÑALOLEN,NO,NO
1335,114608,PABLO CESAR PEREZ CABRERA,PUENTE ALTO,NO,SI
1336,114627,ALMACEN LA ITA,ÑUÑOA,NO,NO
1337,114634,EL RINCON,LO ESPEJO,NO,SI
1338,114635,ROSITA,QUINTA NORMAL,NO,NO
1339,114659,LA SOLUCION REAL,PROVIDENCIA,NO,NO
1340,114663,OXXO - BILBAO - LOS LEONES (S.129),MAIPU,NO,NO
1341,114675,DOSSES,LAS CONDES,NO,NO
1342,114681,OXXO - LOS BARBECHOS (S.171),CERRO NAVIA,NO,NO
1343,114684,BAZAR LA HERNA,SANTIAGO,NO,SI
1344,114744,KIOSCO LUIS VIZCARRA,CONCHALI,NO,SI
1345,114745,ALMA ZEN,SANTIAGO,NO,NO
1346,114764,J Y O,PROVIDENCIA,NO,SI
1347,114769,OXXO -  ELIODORO YANEZ (S.169),MACUL,NO,NO
1348,114775,NUEVA ESPERANZA,ÑUÑOA,NO,NO
1349,114840,OXXO IRARRAZAVAL-BUSTAMANTE (S.105),INDEPENDENCIA,NO,SI
1350,114873,BAZAR Y PAQUETERIA NIZA,ÑUÑOA,NO,NO
1351,114900,LIBRERIA Y BAZAR DEPASO,LAS CONDES,NO,SI
1352,114929,GEMELLI,SANTIAGO,NO,NO
1353,114930,OXXO - EYZAGUIRRE-SAN FCO (S.157),LAS CONDES,NO,SI
1354,114935,OXXO - CARLOS PEÑA (S.167),LO ESPEJO,NO,NO
1355,114940,PHILOSTENE MANASSE,SAN JOAQUIN,NO,SI
1356,114944,KIOSKO GENITO,PROVIDENCIA,NO,SI
1357,114947,OXXO - HERNANDO DE AGUIRRE  (S.121),MAIPU,NO,NO
1358,114951,BAZAR NIEVES,EL BOSQUE,NO,NO
1359,114967,JIREH,PROVIDENCIA,NO,NO
1360,114971,MINIMARKET,LO ESPEJO,NO,NO
1361,115011,BAZAR DONDE AMALIA,LO PRADO,NO,NO
1362,115025,ABARROTES Y BAZAR SHERLYN,LA FLORIDA,NO,NO
1363,115027,MINIMARKET PANCHITA,CONCHALI,NO,NO
1364,115029,ALMACEN CENTRO DE LLAMADOS E INTERNET,PUDAHUEL,NO,NO
1365,115039,ALMACEN Y PRODUCTOS CONGELADOS,QUILICURA,NO,NO
1366,115040,ANITA 2,LA CISTERNA,NO,SI
1367,115049,HAGALE PUES,LAS CONDES,NO,NO
1368,115069,OXXO -  APOQUINDO-LOS MILITARES (S.165),LA FLORIDA,NO,NO
1369,115087,DON PEPERO,PUENTE ALTO,NO,NO
1370,115090,M Y B,LAS CONDES,NO,SI
1371,115116,OXXO - VESPUCIO - ALBACETE (S.164),SAN BERNARDO,NO,SI
1372,115122,EL AUGUSTITO,EL BOSQUE,NO,SI
1373,115123,LA KUCHA,PUENTE ALTO,NO,NO
1374,115139,ALMACEN EYMI,SAN RAMON,NO,NO
1375,115142,EA-Z EXPRESS SPA,CERRO NAVIA,NO,SI
1376,115144,TA HELA JUAN,SAN MIGUEL,NO,SI
1377,115156,MINIMARKET MARILYN DAVILA EIRL,MAIPU,NO,SI
1378,115157,FRANCY,QUINTA NORMAL,NO,NO
1379,115170,PUNTO COPEC - CARRASCAL,RECOLETA,NO,SI
1380,115171,YAZ Y EMER,MAIPU,NO,NO
1381,115183,EL SOL MILLONARIO,ESTACION CENTRAL,NO,NO
1382,115184,OXXO - TORO MAZZOTE (S.119),ESTACION CENTRAL,NO,SI
1383,115189,GERTHONIDE DUMAS,HUECHURABA,NO,NO
1384,115191,LAS DOS NACIONES,RENCA,NO,NO
1385,115199,PERISCOPIO,LA GRANJA,NO,NO
1386,115203,ROD NIC,PUENTE ALTO,NO,NO
1387,115209,ALMACEN BAZAR,ÑUÑOA,NO,NO
1388,115215,OXXO - SEMINARIO (S.161),PROVIDENCIA,NO,NO
1389,115223,ROKAFER,SAN RAMON,NO,NO
1390,115231,COMERCIAL CJC SPA,PROVIDENCIA,NO,NO
1391,115256,MINIMARKET PERUANO,ESTACION CENTRAL,NO,SI
1392,115282,MINIMARKET,ESTACION CENTRAL,NO,SI
1393,115283,ROMAN CARMELO SIGUENZA VALLES,CERRO NAVIA,NO,NO
1394,115289,BOTILLERIA ZEUS,SANTIAGO,NO,NO
1395,115309,CENTRO DE LLAMADO,LO PRADO,NO,NO
1396,115324,ALMACEN OLGA SINTI REASTEGUI,LO PRADO,NO,SI
1397,115331,MINIMARKET EDITH,ÑUÑOA,NO,NO
1398,115332,MINIMARKET XAUSE LTDA,SANTIAGO,NO,SI
1399,115358,MINIMARKET MILAGROS,SAN MIGUEL,NO,SI
1400,115363,MINIMARKET MARCELA PEREZ BECERRA EIRL,QUINTA NORMAL,NO,NO
1401,115378,KIOSKO,LA GRANJA,NO,SI
1402,115393,RINCONCITO,LA FLORIDA,NO,NO
1403,115397,CRIZLA BANNIA URRUTIA ROJAS,INDEPENDENCIA,NO,NO
1404,115422,OXXO - HOSPITALES  (S.121),QUILICURA,NO,SI
1405,115429,EL BOCA SECA,LO ESPEJO,NO,NO
1406,115432,EL NEGRITO,SANTIAGO,NO,SI
1407,115443,CAMILA SOFIA MAUREIRA POSTIGO,PROVIDENCIA,NO,NO
1408,115456,MINIMARKET ANDAMARCA,LO PRADO,NO,SI
1409,115459,NOVAMARKET,SANTIAGO,NO,NO
1410,115474,DANILO ANDRES BORJE RIVERA,LO PRADO,NO,SI
1411,115484,RUBEN LENER GONZALEZ JUAREZ,CONCHALI,NO,SI
1412,115485,MULTISERVICIOS LYV,LA FLORIDA,NO,NO
1413,115486,LA SONRISA,QUILICURA,NO,SI
1414,115491,CARINE LOUISSAINT,LO BARNECHEA,NO,NO
1415,115492,ALMACEN DON LALO,MAIPU,NO,SI
1416,115494,LOLITA 2,PUDAHUEL,NO,SI
1417,115496,MINIMARKET A Y J,QUILICURA,NO,SI
1418,115504,EMPORIO SANTA LUISA,MAIPU,NO,SI
1419,115507,CARNICERIAS GIBBS 3,MAIPU,NO,NO
1420,115514,CORPAX,INDEPENDENCIA,NO,SI
1421,115520,MULTISERVICE L&J SPA,INDEPENDENCIA,NO,SI
1422,115527,LA TABAQUERIA SPA ,LO ESPEJO,NO,NO
1423,115529,ALCALDESA,MAIPU,NO,NO
1424,115532,SEBA MARKET,QUINTA NORMAL,NO,SI
1425,115535,DONDE LA CECY,CERRO NAVIA,NO,NO
1426,115536,CYBER KAINET,LAS CONDES,NO,SI
1427,115537,D Y D,CERRILLOS,NO,NO
1428,115538,LOS PAILLA,LA PINTANA,NO,SI
1429,115542,MARIO,INDEPENDENCIA,NO,SI
1430,115588,EXPRESS MARKET,QUILICURA,NO,SI
1431,115591,COMIDA RAPIDA CARLOS ENRIQUE,PEÑALOLEN,NO,NO
1432,115598,BAZAR ALMACEN XIMENA,LO ESPEJO,NO,SI
1433,115601,BAZAR MARY,SAN JOAQUIN,NO,NO
1434,115602,VECI GUISEL,QUINTA NORMAL,NO,SI
1435,115616,ALMACEN ASH Y ABI,ESTACION CENTRAL,NO,SI
1436,115717,PROYECTO ROUSS,LA PINTANA,NO,NO
1437,115783,BOTILLERÍA HIDALGO,ÑUÑOA,NO,NO
1438,115867,OXXO - MACUL-GRECIA (S.182),RECOLETA,NO,NO
1439,115920,ALCANTARA,LO ESPEJO,NO,SI
1440,116017,BAZAR KEITHY,ÑUÑOA,NO,NO
1441,116071,MINIMARKET CARACAS,MAIPU,NO,NO
1442,116112,PATTYS,LA REINA,NO,SI
1443,116127,KIOSCO BIP BILBAO,ÑUÑOA,NO,NO
1444,116130,OXXO - IRARRAZAVAL - ITALIA (S.237),LAS CONDES,NO,SI
1445,116132,OXXO - EL BERGANTIN (S.219),SANTIAGO,NO,SI
1446,116148,GUSTAVO EDUARDO DIAZ ATOCHE,QUINTA NORMAL,NO,SI
1447,116204,GIOVANA CECILIA AZANA PINEDA,SAN BERNARDO,NO,SI
1448,116220,CYBER LOS AROMOS,LAS CONDES,NO,SI
1449,116221,FULLMARKET,PUDAHUEL,NO,NO
1450,116222,MINIMARKET FRANCO,RECOLETA,NO,SI
1451,116256,SANCHEZ Y URZUA LTDA,RENCA,NO,SI
1452,116350,PROVISIONES FERNANDO,CERRO NAVIA,NO,SI
1453,116360,PANADERIA Y PASTELERIA MEXICO,MAIPU,NO,SI
1454,116588,MINIMARKET ANA CECILIA SANCHEZ LORCA EIRL,LAS CONDES,NO,SI
1455,116921,OXXO - NUEVA TAJAMAR (S.187),ÑUÑOA,NO,NO
1456,116923,OXXO - MONCKEBERG (S.324),MAIPU,NO,NO
1457,117137,FARMACIA PRINCIPAL,MACUL,NO,NO
1458,117186,MINI MARKET REY INFANTE,RENCA,NO,SI
1459,117209,DYMAR,SANTIAGO,NO,NO
1460,117238,OXXO - PRAT - EYZAGUIRRE,LAS CONDES,NO,SI
1461,117579,OXXO - ROSARIO SUR,ESTACION CENTRAL,NO,NO
1462,117581,OXXO - TERMINAL DE BUSES,ÑUÑOA,NO,NO
1463,117748,KIOSCO RAUL MARDONES,LA REINA,NO,SI
1464,117790,OXXO - LARRAIN,PUDAHUEL,NO,SI
1465,117827,A. B. A,PEDRO AGUIRRE CERDA,NO,NO
1466,117903,ERBI - PEDRO AGUIRRE CERDA,HUECHURABA,NO,NO
1467,117996,OXXO - PEDRO FONTOVA,LA PINTANA,NO,SI
1468,118005,LUPITA,QUILICURA,NO,NO
1469,118007,PASTELERIAS CROCANTES SPA,SANTIAGO,NO,NO
1470,118048,MULTISERVISE LOS HEROES,PUENTE ALTO,NO,SI
1471,118050,MS TECNO SPA,RECOLETA,NO,SI
1472,118119,RAUL Y XIMENA 2,MAIPU,NO,NO
1473,118139,BAZAR 29,LA FLORIDA,NO,NO
1474,118152,DONDE LA MIMI,MACUL,NO,SI
1475,118165,DONDE EL PERÚ,LO PRADO,NO,NO
1476,118206,PILY,LAS CONDES,NO,SI
1477,118212,OXXO - ENRIQUE FOSTER,LAS CONDES,NO,SI
1478,118449,OXXO - CLINICA LAS CONDES,SAN BERNARDO,NO,NO
1479,118453,MI CASITA DULCE LIMITADA,SANTIAGO,NO,NO
1480,118458,COSMOPOLITAN APART JH SPA,INDEPENDENCIA,NO,SI
1481,118462,VIRGEN DE LA PUERTA 2,MAIPU,NO,SI
1482,118467,JUAN MUÑOZ,SANTIAGO,NO,NO
1483,118484,CINTHIA REBAZA,PROVIDENCIA,NO,SI
1484,118492,OXXO - CARLOS WILSON,SANTIAGO,NO,SI
1485,118493,OXXO - MATUCANA,CERRILLOS,NO,NO
1486,118537,BAZAR LOS CABEZONES,QUILICURA,NO,NO
1487,118546,LE MARCHE,LA FLORIDA,NO,SI
1488,118560,MANÍ,QUILICURA,NO,SI
1489,118578,ALMACEN,PUDAHUEL,NO,SI
1490,118579,ANYELA AMADA MARQUEZ MUÑOZ,EL BOSQUE,NO,NO
1491,118589,BAZAR CAMILA,LO ESPEJO,NO,NO
1492,118612,LA PILAR,MAIPU,NO,SI
1493,118619,MINIMARKET EL JEFE,QUINTA NORMAL,NO,NO
1494,118633,EL LEGADO SPA,PEÑALOLEN,NO,NO
1495,118656,DONDE JUANITO,EL BOSQUE,NO,SI
1496,118666,DON VICTOR MINIMARKET,PUENTE ALTO,NO,SI
1497,118668,CARNES QUE SABOR 2,SANTIAGO,NO,SI
1498,118671,MINIMARKET DON BETO,LAS CONDES,NO,NO
1499,118677,NEUHEN,ESTACION CENTRAL,NO,NO
1500,118682,MINIMARKET ABBY,PUENTE ALTO,NO,SI
1501,118689,JESSICA LUCIA LOPEZ BETTOCCHI,EL BOSQUE,NO,NO
1502,118690,MINIMARKET ROSA ESTER,ÑUÑOA,NO,SI
1503,118756,OXXO - IRARRAZAVAL- ANTONIO V (S.52),RECOLETA,NO,SI
1504,118757,STEVEN EXPRESS,RECOLETA,NO,NO
1505,118766,FERNANDO ANTONIO MANRIQUEZ SALINAS,INDEPENDENCIA,NO,SI
1506,118772,TORITO,QUINTA NORMAL,NO,SI
1507,118785,EDUARDO ALBERTO GARCIA ZAPATA,QUILICURA,NO,NO
1508,118829,PETER-BON SERVICE,ESTACION CENTRAL,NO,NO
1509,118837,ALMACEN Y BOTILLERÍA TOMAS,PUDAHUEL,NO,NO
1510,118889,ALMACEN BAZAR MICENI,SAN BERNARDO,NO,NO
1511,118893,ANITA LILIANA,LA PINTANA,NO,NO
1512,118894,CLAUDIA ANDREA CAMPOS FERNANDEZ,RECOLETA,NO,SI
1513,118911,SEBASTIAN ANIBAL CACERES ARBOLEDA,LA FLORIDA,NO,NO
1514,118941,COMERCIAL TOPACIO SPA,LAS CONDES,NO,NO
1515,118956,OXXO - CERRO COLORADO,EL BOSQUE,NO,SI
1516,118987,EL DORO,MAIPU,NO,NO
1517,118996,COMERCIALIZADORA E INVERSIONES GUERRERO SPA,RECOLETA,NO,SI
1518,119013,KELLY,RECOLETA,NO,NO
1519,119014,TECNOVE,RECOLETA,NO,SI
1520,119016,MINIMARKET JUANITA,LA FLORIDA,NO,SI
1521,119040,BAZAR VYC,SANTIAGO,NO,SI
1522,119044,BAZAR MI LELA,CERRILLOS,NO,SI
1523,119051,DJ ALTO ILIMITADO,QUILICURA,NO,NO
1524,119056,KIOSCO LA ROSITA,LA PINTANA,NO,SI
1525,119065,LICHA,CERRILLOS,NO,NO
1526,119088,FLORENCIO JOSE GRANDON URIBE ,LA PINTANA,NO,SI
1527,119102,ALMACEN LA CHOLITA,SAN BERNARDO,NO,SI
1528,119119,KAREN ROXANA ITURRA SAENZ,LA PINTANA,NO,NO
1529,119124,DON ROMY,SAN BERNARDO,NO,SI
1530,119127,ANTONELLA,QUILICURA,NO,NO
1531,119128,DONDE EL PAULO,QUILICURA,NO,SI
1532,119137,MARIA SUSANA DIAZ MADARIAGA,QUILICURA,NO,NO
1533,119172,ALMACEN LA PALMERA,PEÑALOLEN,NO,SI
1534,119184,RAMON ELIAS REYES MADRIAGA,CERRILLOS,NO,SI
1535,119196,EMMANUEL,INDEPENDENCIA,NO,SI
1536,119199,OXXO - INDEPENDENCIA - FRANCIA,SAN RAMON,NO,NO
1537,119217,DANIEL DINAMARCA VARGAS,LAS CONDES,NO,NO
1538,119221,TIENDA UPA!-SHELL (F.10),PEÑALOLEN,NO,NO
1539,119222,LETICIA MARISOL JARA FERNANDEZ,CERRILLOS,NO,SI
1540,119223,TITO,MAIPU,NO,NO
1541,119236,ALMACEN M Y M,ÑUÑOA,NO,SI
1542,119244,TIENDA UPA!-SHELL (F.117),MAIPU,NO,SI
1543,119267,LA PLAZA,LO BARNECHEA,NO,NO
1544,119270,OXXO - SAN JOSE DE LA SIERRA,CERRO NAVIA,NO,SI
1545,119274,MONICA ROJAS AGUILAR,LA GRANJA,NO,SI
1546,119293,LUIS MAURICIO CANAS CUEVAS,SANTIAGO,NO,NO
1547,119299,ERBI - SANTA ROSA 2,PEÑALOLEN,NO,NO
1548,119308,MIGUEL ANGEL,RECOLETA,NO,SI
1549,119343,TABAQUERIA BLACKJACK,PUENTE ALTO,NO,NO
1550,119348,TABAQUERIA BLACKJACK 2,INDEPENDENCIA,NO,SI
1551,119349,TABAQUERIA BLACKJACK 3,RECOLETA,NO,NO
1552,119351,TABAQUERIA BLACKJACK 4,PUENTE ALTO,NO,NO
1553,119362,PATRICIA FRANCISCA MORA INOSTROZA,QUILICURA,NO,SI
1554,119384,BAZAR NANCY,PUENTE ALTO,NO,SI
1555,119399,JACQUELINE ARMIJO LIZANA,QUILICURA,NO,NO
1556,119426,MINIMARKET MONSERRAT,VITACURA,NO,SI
1557,119428,OXXO - VITACURA - VESPUCIO (S.120),PUDAHUEL,NO,SI
1558,119462,TRINIDAD,QUINTA NORMAL,NO,SI
1559,119465,EL CHORIZTICO,PUDAHUEL,NO,NO
1560,119478,ALMACEN MARIA ISABEL,LA PINTANA,NO,SI
1561,119480,ALMACEN C Y S,PUENTE ALTO,NO,SI
1562,119481,RIAL LTDA.,CONCHALI,NO,NO
1563,119507,DTODITO,MACUL,NO,NO
1564,119513,MI BARRIO,QUILICURA,NO,NO
1565,119517,NOEMI LA UNICA,QUILICURA,NO,NO
1566,119525,SOFI,PEDRO AGUIRRE CERDA,NO,NO
1567,119527,NACIMIENTO,PEDRO AGUIRRE CERDA,NO,NO
1568,119528,ALMACEN ANDRE,SANTIAGO,NO,SI
1569,119531,PUNTO AZUL,ESTACION CENTRAL,NO,NO
1570,119539,AMARO Y BELEN,LAS CONDES,NO,NO
1571,119557,OXXO - HENDAYA,LA FLORIDA,NO,NO
1572,119558,OXXO - OUTLET LA FLORIDA,SANTIAGO,NO,SI
1573,119592,ROSITA,ESTACION CENTRAL,NO,SI
1574,119593,CARNES DIEGO LEIVA SPA,RENCA,NO,NO
1575,119594,ALMACEN BARCELONETA,LA FLORIDA,NO,SI
1576,119595,HOSANNA JIREH,PEDRO AGUIRRE CERDA,NO,NO
1577,119616,BAZAR LA ESQUINA,SANTIAGO,NO,SI
1578,119630,LADISLAO SINCHE RAMIREZ,LO PRADO,NO,SI
1579,119709,ALMACEN DANI,QUILICURA,NO,NO
1580,119719,MINIMARKET DONDE EL DEIVI,SAN MIGUEL,NO,NO
1581,119722,YUCAREY,SAN MIGUEL,NO,SI
1582,119749,EL RENACER,SAN MIGUEL,NO,NO
1583,119751,MINIMARKET LAS VIOLETAS SPA,PUENTE ALTO,NO,NO
1584,119756,ROSARITO,VITACURA,NO,SI
1585,119773,UPA ! MARKET (F21S),SANTIAGO,NO,NO
1586,119775,UPA ! MARKET (F28S),LA PINTANA,NO,NO
1587,119795,EL INGENIO,LO BARNECHEA,NO,NO
1588,119797,ALMACEN EL CERRITO,SAN BERNARDO,NO,NO
1589,119798,AMIGO LUCHO,ESTACION CENTRAL,NO,SI
1590,119800,ALMACEN TOYITA,MAIPU,NO,SI
1591,119808,CATHERINNE,QUILICURA,NO,SI
1592,119824,LUIS ALBERTO CARVAJAL BARRA,SANTIAGO,NO,SI
1593,119825,LAS DELICIAS,LA FLORIDA,NO,NO
1594,119838,KIOSCO DE LA SUERTE,MAIPU,NO,SI
1595,119850,OXXO - PLAZA MAIPU,CERRO NAVIA,NO,SI
1596,119853,CONFITERÍA,LA PINTANA,NO,NO
1597,119855,MANUEL ALEJANDRO BAHAMONDE OSORIO,ESTACION CENTRAL,NO,NO
1598,119885,LA ESQUINITA,LAS CONDES,NO,NO
1599,119886,J Y C TECNOLOGIA,HUECHURABA,NO,SI
1600,119965,CARO RIQUELME NATALY JAZMIN,CERRILLOS,NO,NO
1601,119966,VILLA ALEGRE SPA,CERRO NAVIA,NO,SI
1602,120003,HAPPY II,LA FLORIDA,NO,NO
1603,120006,NUR MINIMARKET,PROVIDENCIA,NO,SI
1604,120026,VICTOR BERNARDO ALVA MARTIN,RECOLETA,NO,SI
1605,120033,RUN - RUN,VITACURA,NO,NO
1606,120052,UPA! MARKET (F.032S),LA GRANJA,NO,SI
1607,120075,RENACER,MAIPU,NO,NO
1608,120088,ALONZO,PUDAHUEL,NO,SI
1609,120091,MAURICIO ENRIQUE BUSTAMANTE ESPINOZA,SAN JOAQUIN,NO,NO
1610,120092,BOTILLERIA EL REY VIVE,LO BARNECHEA,NO,SI
1611,120114,ALMACEN LA ESCALA,RECOLETA,NO,SI
1612,120115,ZOE MARKET,LA FLORIDA,NO,NO
1613,120156,T&K MIN. ALEJANDRO TOBAR EIR,CERRILLOS,NO,SI
1614,120159,BERNARDITA,MAIPU,NO,NO
1615,120167,LA FAMILIA,LA PINTANA,NO,NO
1616,120168,DON CHECHO,LA FLORIDA,NO,SI
1617,120170,LAS MALCRIADAS,RECOLETA,NO,SI
1618,120172,MINIMARKET CRISTOPHER,RECOLETA,NO,SI
1619,120173,MINIMARKET CRISTOPHER 2,MAIPU,NO,NO
1620,120180,ALCAHETI,CERRO NAVIA,NO,SI
1621,120185,EL CHICO PEDRO,EL BOSQUE,NO,NO
1622,120204,HECTOR PATRICIO ORELLANA HINOJOSA,LA FLORIDA,NO,SI
1623,120209,HERNAN MEDINA AGUIRRE,VITACURA,NO,NO
1624,120219,INVERSIONES HOMING,LA PINTANA,NO,NO
1625,120221,ANA GEORGINA GUTIERREZ BURGOS,SANTIAGO,NO,NO
1626,120244,PASTELERIA REBECA,LA PINTANA,NO,SI
1627,120253,COMERCIALIZADORA DANIELA,LA CISTERNA,NO,NO
1628,120259,GABRIEL ARSENIO DIAZ CANQUIL,ESTACION CENTRAL,NO,NO
1629,120260,ABARROTES JESUS,RENCA,NO,SI
1630,120262,BERNARDO MENDOZA NOLASCO,RECOLETA,NO,SI
1631,120279,ALMACEN ANITA,QUILICURA,NO,NO
1632,120281,ALMACEN YORKITA,EL BOSQUE,NO,NO
1633,120286,CLAUDIA PAOLA CAROCA DELPORTE,ESTACION CENTRAL,NO,SI
1634,120339,OXXO - TERMINAL DE BUSES II,HUECHURABA,NO,NO
1635,120340,OXXO - MALL PLAZA NORTE,LAS CONDES,NO,SI
1636,120341,OXXO - LAS CONDES 1,QUINTA NORMAL,NO,NO
1637,120350,ERIKA YEVENES YEVENES,PUDAHUEL,NO,SI
1638,120351,ELIZABETH BRAVO DIAZ,CERRILLOS,NO,NO
1639,120369,EL AVE FENIX,PEDRO AGUIRRE CERDA,NO,NO
1640,120376,BOTILLERIA LA PROMO,SAN JOAQUIN,NO,SI
1641,120377,SOFISA,QUINTA NORMAL,NO,NO
1642,120379,EMMANUEL SPA,ESTACION CENTRAL,NO,NO
1643,120420,ALMACEN BARAQUIEL,MAIPU,NO,SI
1644,120421,ALMACEN LAS RIOS,SANTIAGO,NO,NO
1645,120422,MINIMARKET LOS ABUELOS,MACUL,NO,SI
1646,120432,BAZAR DENISSE,PEÑALOLEN,NO,SI
1647,120435,TABAQUERIA BE HAPPY,PROVIDENCIA,NO,NO
1648,120452,ERBI - ELIODORO YAÑEZ,SANTIAGO,NO,SI
1649,120461,FOOD MARKET EXPRESS SPA,QUINTA NORMAL,NO,NO
1650,120471,SOCIEDAD COMERCIAL LA NEGRITA SPA,SAN BERNARDO,NO,NO
1651,120480,M Y M,,NO,SI
